id,LOC_BLANK,BRANCH_COUNT,LOC_CODE_AND_COMMENT,LOC_COMMENTS,CYCLOMATIC_COMPLEXITY,DESIGN_COMPLEXITY,ESSENTIAL_COMPLEXITY,LOC_EXECUTABLE,HALSTEAD_CONTENT,HALSTEAD_DIFFICULTY,HALSTEAD_EFFORT,HALSTEAD_ERROR_EST,HALSTEAD_LENGTH,HALSTEAD_LEVEL,HALSTEAD_PROG_TIME,HALSTEAD_VOLUME,NUM_OPERANDS,NUM_OPERATORS,NUM_UNIQUE_OPERANDS,NUM_UNIQUE_OPERATORS,LOC_TOTAL,Def
1,1,7,0,0,4,3,1,11,25.05,11.2,3142.03,0.09,59,0.09,174.56,280.54,28,31,15,12,14,0
2,5,37,0,6,19,16,10,85,81.19,27.41,60987.96,0.74,351,0.04,3388.22,2225.29,147,204,59,22,98,0
3,2,1,0,0,1,1,1,10,56.44,2.83,453.08,0.05,37,0.35,25.17,159.91,17,20,15,5,14,1
4,16,1,0,0,1,1,1,52,168.57,16.97,48553.53,0.95,450,0.06,2697.42,2860.9,198,252,70,12,70,1
5,0,7,0,0,4,2,3,9,14.32,7.71,852.01,0.04,26,0.13,47.33,110.45,9,17,7,12,12,0
6,8,5,0,0,3,3,1,34,33.85,32.25,35218.8,0.36,188,0.03,1956.6,1091.78,80,108,31,25,42,0
7,1,7,0,0,4,3,4,5,17.28,5.79,578.57,0.03,25,0.17,32.14,100.0,9,16,7,9,8,0
8,12,25,0,6,13,7,10,110,45.65,53.63,131272.91,0.82,405,0.02,7292.94,2447.98,165,240,40,26,131,0
9,12,13,0,9,7,7,6,54,49.5,35.0,60632.89,0.58,297,0.03,3368.49,1732.37,120,177,36,21,78,0
10,3,19,0,19,10,6,6,32,29.59,15.24,6868.56,0.15,91,0.07,381.59,450.83,37,54,17,14,56,0
11,8,19,0,1,10,9,7,43,37.02,28.97,31062.9,0.36,191,0.03,1725.72,1072.41,84,107,29,20,54,0
12,22,37,0,0,19,15,8,89,53.35,34.59,63844.18,0.62,327,0.03,3546.9,1845.54,123,204,32,18,113,0
13,2,5,2,0,3,3,1,11,27.12,4.28,496.22,0.04,29,0.23,27.57,116.0,11,18,9,7,17,0
14,49,11,0,6,6,5,4,138,215.29,34.15,251126.79,2.45,1039,0.03,13951.49,7352.81,444,595,117,18,195,1
15,1,1,0,0,1,1,1,5,19.72,3.33,219.1,0.02,19,0.3,12.17,65.73,8,11,6,5,8,1
16,3,8,0,0,5,3,1,25,37.27,16.14,9725.72,0.2,109,0.06,540.32,602.07,42,67,26,20,30,0
17,2,5,0,0,3,2,3,9,24.67,6.42,1015.92,0.05,35,0.16,56.44,158.32,14,21,12,11,13,0
18,0,4,0,0,3,2,1,18,26.67,9.0,2160.0,0.08,48,0.11,120.0,240.0,18,30,16,16,20,0
19,1,3,2,0,2,2,1,9,13.96,6.0,502.57,0.03,22,0.17,27.92,83.76,9,13,6,8,14,0
20,2,1,0,0,1,1,1,5,24.78,7.2,1284.57,0.06,42,0.14,71.37,178.41,16,26,10,9,9,0
21,16,27,2,12,14,13,8,62,114.83,11.5,15185.86,0.44,212,0.09,843.66,1320.51,92,120,60,15,94,1
22,9,9,0,2,5,2,1,23,36.71,14.48,7692.13,0.18,102,0.07,427.34,531.36,38,64,21,16,36,0
23,2,5,0,1,3,3,1,10,23.28,10.05,2348.96,0.08,51,0.1,130.5,233.83,17,34,11,13,15,0
24,1,3,0,0,2,2,1,14,20.67,9.35,1807.0,0.06,44,0.11,100.39,193.26,17,27,10,11,17,0
25,9,21,0,2,11,6,4,51,40.77,33.45,45603.91,0.45,229,0.03,2533.55,1363.51,99,130,37,25,64,0
26,2,7,0,0,4,1,1,16,15.66,17.5,4797.27,0.09,72,0.06,266.51,274.13,35,37,7,7,20,0
27,1,3,0,0,2,2,1,7,26.62,7.31,1421.44,0.06,43,0.14,78.97,194.51,19,24,13,10,10,0
28,2,5,0,0,3,2,1,12,27.12,6.68,1209.56,0.06,39,0.15,67.2,181.11,17,22,14,11,16,0
29,2,7,0,0,4,3,1,22,31.23,10.66,3546.85,0.11,70,0.09,197.05,332.84,31,39,16,11,26,0
30,14,12,0,0,11,1,1,62,27.23,24.09,15801.66,0.22,125,0.04,877.87,655.99,39,86,17,21,79,0
31,3,3,0,2,2,2,1,13,26.48,9.82,2554.12,0.09,56,0.1,141.9,260.06,25,31,14,11,20,0
32,1,3,0,0,2,2,1,7,22.33,4.38,427.32,0.03,25,0.23,23.74,97.67,10,15,8,7,10,0
33,22,1,0,5,1,1,1,29,292.71,2.32,1575.46,0.23,118,0.43,87.53,679.08,58,60,50,4,58,1
34,7,25,0,13,13,3,9,48,27.92,34.83,33877.71,0.32,215,0.03,1882.09,972.57,76,139,12,11,70,1
35,4,3,0,0,2,2,1,14,46.95,9.25,4017.03,0.14,84,0.11,223.17,434.27,37,47,24,12,20,1
36,1,3,0,0,2,2,1,9,27.03,4.88,642.38,0.04,30,0.21,35.69,131.77,13,17,12,9,13,0
37,6,9,0,2,5,3,1,27,25.95,22.91,13621.99,0.2,115,0.04,756.78,594.54,41,74,17,19,38,0
38,2,7,0,0,4,2,3,16,15.69,14.55,3319.78,0.08,48,0.07,184.43,228.23,20,28,11,16,20,0
39,8,3,0,1,2,1,1,13,27.46,10.97,3303.73,0.1,62,0.09,183.54,301.19,27,35,16,13,24,0
40,5,19,0,0,10,4,10,32,22.23,28.72,18342.91,0.21,120,0.03,1019.05,638.63,47,73,18,22,41,1
41,3,5,0,0,3,3,1,14,17.35,6.86,815.6,0.04,28,0.15,45.31,118.94,8,20,7,12,20,0
42,6,27,1,4,14,12,10,95,52.79,41.26,89865.49,0.73,353,0.02,4992.53,2177.98,146,207,46,26,109,0
43,4,1,0,1,1,1,1,9,20.12,7.31,1076.02,0.05,36,0.14,59.78,147.15,13,23,8,9,16,0
44,10,3,0,9,2,2,1,30,60.18,12.09,8797.96,0.24,131,0.08,488.78,727.65,57,74,33,14,52,0
45,24,37,0,44,19,12,1,103,86.92,30.67,81739.17,0.89,432,0.03,4541.06,2665.41,184,248,54,18,173,1
46,3,1,0,13,1,1,1,11,0.0,0.0,0.0,0.01,13,0.0,0.0,30.19,0,13,0,5,29,0
47,1,9,0,0,5,2,1,13,12.48,23.14,6685.02,0.1,68,0.04,371.39,288.86,27,41,7,12,16,0
48,1,23,0,0,12,12,12,23,31.64,23.2,17031.8,0.24,142,0.04,946.21,734.13,58,84,20,16,26,0
49,4,1,0,0,1,1,1,22,93.71,9.23,7984.62,0.29,173,0.11,443.59,865.0,80,93,26,6,29,0
50,3,7,0,1,4,4,1,11,28.85,5.96,1024.21,0.06,38,0.17,56.9,171.9,13,25,12,11,17,0
51,3,5,0,0,3,3,1,14,34.66,9.75,3295.25,0.11,67,0.1,183.07,337.97,30,37,20,13,19,0
52,1,1,0,0,1,1,1,4,21.19,3.21,218.94,0.02,19,0.31,12.16,68.11,9,10,7,5,9,0
53,1,3,0,0,2,2,1,11,21.55,12.0,3103.76,0.09,58,0.08,172.43,258.64,20,38,10,12,14,0
54,2,7,0,0,4,4,1,15,22.43,9.09,1853.64,0.07,48,0.11,102.98,203.9,25,23,11,8,19,0
55,3,9,0,0,5,5,1,22,36.86,13.5,6717.49,0.17,110,0.07,373.19,497.59,42,68,14,9,28,1
56,37,17,2,12,9,4,1,245,166.82,52.04,451812.89,2.89,1216,0.02,25100.72,8681.69,563,653,119,22,298,1
57,1,1,0,0,1,1,1,6,18.99,5.14,502.31,0.03,25,0.19,27.91,97.67,9,16,7,8,9,0
58,1,3,0,1,2,2,1,6,23.47,6.36,950.34,0.05,34,0.16,52.8,149.34,14,20,11,10,11,0
59,1,1,0,0,1,1,1,4,19.37,2.5,121.08,0.02,14,0.4,6.73,48.43,6,8,6,5,7,0
60,4,7,0,4,4,3,3,22,31.36,15.55,7578.99,0.16,91,0.06,421.05,487.54,36,55,22,19,32,0
61,5,7,0,2,4,1,1,21,21.15,12.0,3045.88,0.08,54,0.08,169.22,253.82,24,30,13,13,30,1
62,18,1,6,2,1,1,1,59,170.62,15.59,41494.88,0.89,405,0.06,2305.27,2660.79,154,251,79,16,89,0
63,6,19,0,0,10,3,7,26,27.63,21.18,12391.41,0.2,116,0.05,688.41,585.15,45,71,17,16,37,0
64,2,5,1,0,3,2,1,24,28.42,17.68,8889.32,0.17,98,0.06,493.85,502.67,42,56,19,16,27,0
65,4,1,0,1,1,1,1,10,33.53,9.75,3187.28,0.11,68,0.1,177.07,326.9,26,42,16,12,17,0
66,5,3,0,2,2,2,1,15,16.57,15.13,3790.74,0.08,59,0.07,210.6,250.63,22,37,8,11,24,1
67,38,9,0,1,5,5,1,98,154.83,38.06,224308.42,1.96,897,0.03,12461.58,5893.16,406,491,80,15,139,1
68,18,17,0,26,9,4,1,62,35.0,25.5,22758.63,0.3,174,0.04,1264.37,892.5,68,106,20,15,108,0
69,12,15,3,19,8,7,1,52,41.29,33.25,45651.03,0.46,250,0.03,2536.17,1372.96,76,174,24,21,88,1
70,6,5,0,0,3,3,1,17,24.29,9.75,2309.16,0.08,51,0.1,128.28,236.84,18,33,12,13,25,0
71,1,1,0,2,1,1,1,3,13.79,1.5,31.02,0.01,8,0.67,1.72,20.68,3,5,3,3,8,0
72,1,7,0,0,4,4,4,7,21.46,8.8,1662.05,0.06,43,0.11,92.34,188.87,16,27,10,11,10,0
73,30,23,2,19,12,4,6,47,28.22,35.42,35409.67,0.33,179,0.03,1967.2,999.71,77,102,25,23,103,0
74,1,35,0,25,18,4,18,32,24.27,47.5,54762.43,0.38,223,0.02,3042.36,1152.89,85,138,17,19,60,1
75,3,13,0,0,7,3,7,35,23.2,27.6,17672.26,0.21,118,0.04,981.79,640.3,48,70,20,23,40,0
76,1,3,0,0,2,2,1,3,10.99,6.4,449.97,0.02,19,0.16,25.0,70.31,8,11,5,8,6,0
77,3,23,0,0,12,1,1,24,13.23,33.0,14404.99,0.15,101,0.03,800.28,436.51,44,57,8,12,29,0
78,4,1,0,1,1,1,1,16,25.27,12.83,4162.24,0.11,69,0.08,231.24,324.33,22,47,12,14,24,0
79,5,3,0,0,2,2,1,14,18.73,9.0,1517.0,0.06,39,0.11,84.28,168.56,12,27,8,12,22,1
80,2,5,0,3,3,3,1,10,18.86,11.0,2281.98,0.07,48,0.09,126.78,207.45,18,30,9,11,17,0
81,9,11,1,7,6,5,1,52,42.67,31.89,43402.17,0.45,245,0.03,2411.23,1360.87,94,151,28,19,72,1
82,1,3,0,3,2,1,1,10,17.72,3.0,159.45,0.02,16,0.33,8.86,53.15,6,10,5,5,16,0
83,3,7,0,0,4,2,1,9,15.54,13.2,2707.77,0.07,46,0.08,150.43,205.13,22,24,10,12,14,0
84,33,32,0,0,23,19,1,102,60.99,33.1,66834.75,0.67,311,0.03,3713.04,2018.97,120,191,58,32,137,0
85,1,1,0,0,1,1,1,3,11.16,3.12,108.97,0.01,11,0.32,6.05,34.87,5,6,4,5,6,1
86,3,5,0,0,3,2,1,11,14.89,7.0,729.74,0.03,25,0.14,40.54,104.25,7,18,6,12,16,0
87,5,7,0,8,4,4,1,21,20.33,14.42,4229.55,0.1,61,0.07,234.97,293.25,25,36,13,15,36,0
88,30,43,0,1,22,22,1,173,80.11,48.77,190569.02,1.3,608,0.02,10587.17,3907.17,252,356,62,24,206,0
89,4,3,0,1,2,2,1,10,30.8,10.29,3263.94,0.11,64,0.1,181.33,317.07,25,39,17,14,17,0
90,1,67,0,0,41,1,22,118,22.92,90.18,186362.34,0.69,391,0.01,10353.46,2066.59,101,290,14,25,122,1
91,5,21,0,6,11,10,3,42,53.49,14.0,10483.54,0.25,138,0.07,582.42,748.82,58,80,29,14,55,1
92,0,3,0,0,2,2,1,9,15.23,6.0,548.26,0.03,24,0.17,30.46,91.38,9,15,6,8,11,0
93,4,5,0,0,3,3,1,14,23.44,7.8,1426.13,0.06,41,0.13,79.23,182.84,13,28,10,12,20,1
94,8,9,0,9,5,1,1,50,32.18,44.18,62806.83,0.47,269,0.02,3489.27,1421.77,93,176,20,19,72,0
95,8,7,0,0,4,2,4,21,26.5,19.8,10387.42,0.17,104,0.05,577.08,524.62,33,71,15,18,31,0
96,3,7,0,0,4,2,4,15,14.54,15.56,3518.33,0.08,50,0.06,195.46,226.18,20,30,9,14,20,0
97,1,5,0,0,3,2,3,6,13.38,6.42,550.79,0.03,21,0.16,30.6,85.84,7,14,6,11,9,0
98,73,35,3,18,18,6,8,64,22.39,51.33,59009.54,0.38,216,0.02,3278.31,1149.54,84,132,18,22,160,1
99,9,17,0,10,9,7,8,57,55.62,23.07,29608.49,0.43,223,0.04,1644.92,1283.34,85,138,35,19,78,0
100,13,29,2,9,15,9,6,62,44.14,36.56,59011.68,0.54,268,0.03,3278.43,1613.99,117,151,40,25,88,1
101,8,11,0,4,6,5,4,38,46.35,16.0,11864.41,0.25,147,0.06,659.13,741.53,56,91,21,12,53,1
102,3,33,0,9,17,15,7,81,55.63,31.75,56075.59,0.59,299,0.03,3115.31,1766.16,127,172,40,20,95,1
103,4,13,0,0,7,7,1,48,28.32,27.2,20951.94,0.26,162,0.04,1164.0,770.29,68,94,15,12,54,1
104,4,7,0,6,4,2,3,12,35.08,12.52,5501.48,0.15,82,0.08,305.64,439.32,29,53,22,19,24,0
105,8,5,0,0,3,3,3,25,32.72,15.39,7753.7,0.17,99,0.06,430.76,503.66,39,60,19,15,35,0
106,1,5,0,0,3,2,3,8,10.99,6.4,449.97,0.02,19,0.16,25.0,70.31,8,11,5,8,11,0
107,1,9,0,0,5,2,4,12,9.23,14.3,1887.6,0.04,33,0.07,104.87,132.0,13,20,5,11,15,0
108,1,5,0,0,3,2,1,9,18.99,10.77,2201.88,0.07,43,0.09,122.33,204.46,20,23,13,14,12,0
109,3,3,0,0,2,1,1,16,16.21,15.44,3864.96,0.08,57,0.06,214.72,250.36,19,38,8,13,21,1
110,10,13,2,2,7,7,1,45,55.74,21.72,26305.77,0.4,218,0.05,1461.43,1210.9,70,148,29,18,61,1
111,2,1,0,0,1,1,1,31,62.09,13.79,11804.52,0.29,155,0.07,655.81,856.15,70,85,33,13,35,0
112,2,1,0,0,1,1,1,2,6.55,3.0,58.95,0.01,7,0.33,3.28,19.65,1,6,1,6,6,0
113,0,1,0,0,1,1,1,4,34.82,2.44,208.05,0.03,23,0.41,11.56,85.11,11,12,9,4,6,0
114,13,9,0,1,5,5,1,147,147.28,37.21,203890.96,1.83,840,0.03,11327.28,5479.79,382,458,77,15,163,1
115,7,31,0,26,16,3,7,62,23.77,51.75,63661.56,0.41,224,0.02,3536.75,1230.18,99,125,22,23,97,0
116,2,17,1,8,9,2,8,14,24.56,22.45,12380.3,0.18,101,0.04,687.79,551.4,41,60,21,23,25,0
117,11,16,1,13,11,4,1,58,49.25,17.86,15709.76,0.29,145,0.06,872.76,879.58,64,81,43,24,83,0
118,2,1,0,0,1,1,1,7,22.94,6.67,1019.5,0.05,36,0.15,56.64,152.93,12,24,9,10,12,0
119,3,1,0,0,1,1,1,9,38.75,4.38,745.02,0.06,40,0.23,41.39,169.92,19,21,13,6,14,0
120,8,7,1,0,4,3,1,29,38.2,24.14,22259.16,0.31,171,0.04,1236.62,922.09,71,100,25,17,40,1
121,0,1,0,4,1,1,1,3,10.8,3.33,120.0,0.01,12,0.3,6.67,36.0,4,8,3,5,11,0
122,0,1,0,0,1,1,1,3,11.23,2.0,44.92,0.01,8,0.5,2.5,22.46,3,5,3,4,5,0
123,7,7,1,4,4,2,3,27,29.64,15.79,7390.21,0.16,92,0.06,410.57,468.05,40,52,19,15,41,0
124,2,9,0,2,5,5,1,12,61.31,10.19,6360.68,0.21,119,0.1,353.37,624.5,50,69,27,11,18,0
125,3,3,0,0,2,1,1,9,20.01,12.6,3177.38,0.08,55,0.08,176.52,252.17,18,37,10,14,14,0
126,4,3,0,0,2,2,1,11,19.45,8.0,1244.72,0.05,36,0.13,69.15,155.59,16,20,10,10,17,0
127,17,169,1,17,85,58,57,287,209.56,24.56,126435.8,1.72,733,0.04,7024.21,5147.4,287,446,111,19,325,1
128,0,1,0,0,1,1,1,2,5.33,1.5,12.0,0.0,4,0.67,0.67,8.0,1,3,1,3,5,0
129,11,14,0,1,12,12,1,61,44.06,45.09,89588.86,0.66,335,0.02,4977.16,1986.8,149,186,38,23,75,0
130,4,9,1,17,5,4,4,27,39.57,12.6,6282.0,0.17,98,0.08,349.0,498.57,36,62,20,14,51,0
131,12,31,0,18,16,11,13,81,43.26,55.74,134422.02,0.8,405,0.02,7467.89,2411.45,165,240,37,25,114,1
132,31,7,0,3,4,4,1,19,10.32,32.0,10567.04,0.11,73,0.03,587.06,330.22,28,45,7,16,55,1
133,11,405,0,17,404,2,1,814,101.2,206.01,4294926.45,6.95,2033,0.0,238607.05,20848.47,813,1220,811,411,844,1
134,0,3,0,0,2,2,1,8,17.9,10.5,1973.83,0.06,41,0.1,109.66,187.98,15,26,10,14,11,0
135,2,3,0,0,2,2,1,16,39.02,8.53,2838.95,0.11,70,0.12,157.72,332.84,29,41,17,10,20,0
136,5,17,0,5,9,3,6,35,27.41,23.5,15139.0,0.21,118,0.04,841.06,644.21,47,71,22,22,47,1
137,8,55,0,7,28,19,20,125,79.03,48.45,185548.49,1.28,587,0.02,10308.25,3829.33,246,341,66,26,142,0
138,1,1,0,2,1,1,1,6,25.84,4.13,439.75,0.04,28,0.24,24.43,106.61,11,17,8,6,13,0
139,0,3,0,0,2,2,1,12,19.93,5.57,618.5,0.04,30,0.18,34.36,111.01,13,17,7,6,14,0
140,14,42,1,0,22,9,6,67,42.26,63.88,172435.02,0.9,445,0.02,9579.72,2699.41,124,321,33,34,84,1
141,2,25,0,23,1,1,1,37,32.8,26.53,23077.33,0.29,167,0.04,1282.07,869.98,56,111,19,18,64,0
142,21,87,0,7,44,44,40,172,111.79,41.37,191348.8,1.54,716,0.02,10630.49,4624.95,264,452,67,21,202,1
143,1,3,1,1,2,2,1,9,21.33,4.5,432.0,0.03,24,0.22,24.0,96.0,9,15,8,8,15,0
144,9,55,0,2,28,19,5,186,79.15,64.2,326177.53,1.69,797,0.02,18120.97,5080.91,356,441,61,22,199,1
145,11,15,0,0,8,8,1,53,59.83,30.57,55903.67,0.61,335,0.03,3105.76,1828.91,131,204,30,14,66,0
146,4,9,0,4,5,4,1,19,20.01,15.6,4869.7,0.1,70,0.06,270.54,312.16,26,44,10,12,29,0
147,6,5,0,1,3,1,3,15,19.88,16.62,5488.77,0.11,68,0.06,304.93,330.34,27,41,13,16,25,0
148,3,1,0,0,1,1,1,4,6.15,9.0,498.16,0.02,16,0.11,27.68,55.35,4,12,2,9,10,0
149,2,7,0,0,4,1,3,11,9.91,19.43,3741.33,0.06,42,0.05,207.85,192.57,16,26,7,17,15,0
150,2,7,0,0,4,1,4,11,12.22,9.17,1026.67,0.04,28,0.11,57.04,112.0,11,17,6,10,15,0
151,2,3,0,0,2,2,1,10,23.44,7.33,1260.57,0.06,38,0.14,70.03,171.9,16,22,12,11,14,0
152,4,5,0,0,3,1,1,13,23.78,10.15,2451.96,0.08,52,0.1,136.22,241.48,22,30,13,12,19,1
153,6,5,0,1,3,3,1,17,14.61,24.73,8935.73,0.12,76,0.04,496.43,361.37,34,42,11,16,28,0
154,1,5,0,0,3,3,1,29,17.67,39.38,27392.06,0.23,156,0.03,1521.78,695.67,45,111,8,14,32,0
155,3,7,0,0,4,2,1,15,19.2,6.86,902.99,0.04,31,0.15,50.17,131.69,8,23,7,12,20,0
156,0,5,0,0,3,3,1,16,22.11,13.2,3853.01,0.1,70,0.08,214.06,291.89,33,37,10,8,18,0
157,4,5,0,3,3,2,3,19,57.81,7.92,3626.34,0.15,90,0.13,201.46,457.87,44,46,25,9,30,0
158,5,5,0,9,3,2,1,20,24.87,17.94,8007.67,0.15,87,0.06,444.87,446.25,38,49,18,17,36,0
159,2,19,0,0,18,18,1,62,56.28,21.6,26256.88,0.41,199,0.05,1458.72,1215.6,81,118,45,24,67,0
160,0,1,0,0,1,1,1,0,0.0,0.0,0.0,0.0,0,0.0,0.0,0.0,0,0,0,0,25,0
161,8,61,0,43,31,12,23,79,83.15,91.2,691554.81,2.53,1229,0.01,38419.71,7582.84,304,925,45,27,132,1
162,38,9,0,61,5,5,1,134,195.27,28.11,154319.96,1.83,799,0.04,8573.33,5489.42,290,509,98,19,238,0
163,8,4,0,0,3,3,1,26,43.45,15.83,10882.77,0.23,132,0.06,604.6,687.65,52,80,23,14,36,0
164,1,9,0,0,5,5,1,21,19.04,23.68,10675.05,0.15,91,0.04,593.06,450.83,39,52,14,17,24,0
165,4,13,0,0,7,3,5,25,21.95,19.0,7924.63,0.14,85,0.05,440.26,417.09,38,47,15,15,31,0
166,4,3,7,3,2,1,1,11,31.94,12.06,4641.39,0.13,77,0.08,257.85,385.0,31,46,18,14,27,0
167,1,1,0,0,1,1,1,4,24.22,2.29,126.52,0.02,16,0.44,7.03,55.35,8,8,7,4,7,0
168,5,7,0,8,4,4,3,22,47.06,8.94,3759.12,0.14,82,0.11,208.84,420.6,39,43,24,11,37,0
169,3,6,1,0,5,1,1,21,24.96,9.0,2021.97,0.07,49,0.11,112.33,224.66,18,31,12,12,27,0
170,0,3,0,0,2,1,1,7,17.27,5.57,536.04,0.03,26,0.18,29.78,96.21,13,13,7,6,9,0
171,4,1,0,0,1,1,1,10,26.54,5.5,802.71,0.05,35,0.18,44.6,145.95,11,24,9,9,14,1
172,4,1,0,0,1,1,1,13,28.12,8.85,2200.89,0.08,55,0.11,122.27,248.8,23,32,13,10,20,0
173,35,31,0,0,16,9,11,115,125.22,26.92,90732.21,1.12,500,0.04,5040.68,3370.73,208,292,85,22,152,1
174,19,7,0,13,4,3,4,50,29.29,33.87,33604.92,0.33,184,0.03,1866.94,992.19,82,102,23,19,89,0
175,0,5,0,0,3,2,3,9,15.19,8.25,1034.02,0.04,29,0.12,57.45,125.34,11,18,8,12,11,0
176,2,5,0,0,3,2,3,6,13.71,5.83,466.67,0.03,20,0.17,25.93,80.0,7,13,6,10,10,0
177,1,7,0,0,4,3,1,11,23.15,11.57,3100.28,0.09,57,0.09,172.24,267.93,27,30,14,12,14,0
178,31,3,0,8,2,2,1,48,72.16,18.75,25368.9,0.45,230,0.05,1409.38,1353.01,110,120,44,15,87,0
179,4,5,0,0,3,2,1,27,42.57,10.64,4815.98,0.15,89,0.09,267.55,452.78,39,50,22,12,33,0
180,8,19,2,8,10,9,1,62,54.15,34.75,65394.23,0.63,327,0.03,3633.01,1881.85,139,188,36,18,82,0
181,1,5,0,0,3,2,1,7,10.42,8.25,709.1,0.03,22,0.12,39.39,85.95,11,11,6,9,10,0
182,3,39,0,4,20,8,14,50,62.85,20.1,25384.76,0.42,230,0.05,1410.26,1263.13,89,141,31,14,61,0
183,2,21,0,0,20,20,1,70,57.62,48.49,135464.04,0.93,412,0.02,7525.78,2793.92,157,255,68,42,74,1
184,2,39,0,0,20,2,13,49,68.48,7.95,4327.95,0.18,103,0.13,240.44,544.4,53,50,30,9,54,0
185,2,3,0,0,2,2,1,160,199.72,30.26,182874.17,2.0,938,0.03,10159.68,6043.48,466,472,77,10,162,1
186,9,7,0,11,4,4,1,29,43.1,20.76,18575.74,0.3,162,0.05,1031.99,894.82,59,103,27,19,51,1
187,9,21,1,24,11,10,10,59,47.39,19.8,18577.82,0.31,168,0.05,1032.09,938.27,66,102,30,18,95,1
188,2,11,1,0,6,3,1,14,27.18,11.38,3516.4,0.1,63,0.09,195.36,309.13,26,37,16,14,19,1
189,4,17,0,0,9,1,8,32,19.2,25.97,12946.24,0.17,98,0.04,719.24,498.57,41,57,15,19,38,0
190,8,9,0,5,5,5,3,35,38.9,18.75,13675.98,0.24,138,0.05,759.78,729.39,60,78,24,15,50,0
191,0,9,0,0,8,8,1,28,50.46,14.0,9889.51,0.24,131,0.07,549.42,706.39,56,75,28,14,30,0
192,1,3,0,3,2,2,1,7,15.0,3.0,135.0,0.02,15,0.33,7.5,45.0,6,9,4,4,13,0
193,1,1,0,2,1,1,1,4,4.14,15.0,930.59,0.02,24,0.07,51.7,62.04,6,18,1,5,9,1
194,11,15,6,4,8,7,1,31,32.29,22.26,16005.55,0.24,137,0.04,889.2,718.97,55,82,21,17,55,0
195,0,1,0,1,1,1,1,4,13.84,3.0,124.54,0.01,12,0.33,6.92,41.51,5,7,5,6,7,0
196,0,1,0,0,1,1,1,2,19.37,2.5,121.08,0.02,14,0.4,6.73,48.43,6,8,6,5,4,0
197,7,5,0,0,4,4,1,40,37.61,23.38,20564.75,0.29,143,0.04,1142.49,879.41,57,86,39,32,50,0
198,0,3,1,0,2,2,1,2,7.92,4.0,126.8,0.01,10,0.25,7.04,31.7,4,6,3,6,5,0
199,3,3,0,0,2,2,1,14,49.68,4.86,1173.86,0.08,52,0.21,65.2,241.48,25,27,18,7,19,0
200,14,13,0,0,12,2,1,70,42.98,18.38,14512.58,0.26,136,0.05,806.25,789.8,49,87,32,24,86,1
201,31,13,1,23,7,5,4,57,35.81,30.52,33358.44,0.36,204,0.03,1853.25,1092.94,78,126,23,18,114,0
202,58,133,0,34,68,12,17,371,37.09,214.5,1706686.76,2.65,1347,0.0,94815.93,7956.58,561,786,34,26,465,1
203,7,7,0,0,4,3,1,27,32.54,15.68,7999.96,0.17,104,0.06,444.44,510.32,41,63,17,13,36,0
204,17,25,5,4,16,10,4,89,46.52,47.69,105792.65,0.74,348,0.02,5877.37,2218.51,152,196,51,32,120,1
205,4,13,0,2,7,5,1,33,42.38,18.79,14958.55,0.27,139,0.05,831.03,796.18,62,77,33,20,41,1
206,4,13,0,2,7,5,7,12,18.1,19.5,6882.19,0.12,76,0.05,382.34,352.93,26,50,10,15,20,0
207,5,35,0,6,18,7,17,34,43.69,27.0,31848.28,0.39,209,0.04,1769.35,1179.57,81,128,30,20,48,0
208,0,3,0,0,2,2,1,7,21.0,2.0,84.0,0.01,14,0.5,4.67,42.0,4,10,4,4,9,0
209,9,9,2,2,5,4,1,27,47.18,16.72,13185.3,0.26,142,0.06,732.52,788.75,59,83,30,17,46,0
210,1,5,0,0,3,3,1,14,24.54,4.5,496.86,0.04,29,0.22,27.6,110.41,9,20,7,7,17,0
211,9,37,3,2,19,10,17,54,62.49,29.37,53894.7,0.61,316,0.03,2994.15,1835.12,124,192,38,18,82,0
212,3,9,0,6,5,2,5,29,28.91,16.58,7945.79,0.16,92,0.06,441.43,479.27,35,57,19,18,41,0
213,0,1,0,1,1,1,1,19,66.39,7.22,3463.04,0.16,106,0.14,192.39,479.5,52,54,18,5,22,0
214,0,7,0,0,6,6,1,22,43.97,11.45,5769.18,0.17,99,0.09,320.51,503.66,42,57,22,12,24,0
215,7,7,0,0,4,2,1,15,27.06,11.72,3715.65,0.11,64,0.09,206.42,317.07,25,39,16,15,24,0
216,23,84,11,7,47,26,13,267,144.54,54.2,424664.6,2.61,1036,0.02,23592.48,7834.48,477,559,154,35,308,1
217,1,3,0,2,2,1,1,4,8.54,4.67,186.03,0.01,12,0.21,10.33,39.86,4,8,3,7,11,0
218,3,5,0,0,3,2,1,18,23.36,10.5,2575.32,0.08,55,0.1,143.07,245.27,21,34,11,11,23,0
219,3,11,0,0,6,4,5,14,24.38,15.5,5856.37,0.13,77,0.06,325.35,377.83,31,46,15,15,19,0
220,8,13,0,1,7,2,1,36,29.13,36.42,38635.41,0.35,191,0.03,2146.41,1060.93,76,115,24,23,47,1
221,2,15,0,6,8,5,7,16,27.2,13.24,4764.71,0.12,72,0.08,264.71,360.0,30,42,17,15,24,1
222,0,3,0,0,2,2,1,9,22.07,3.86,328.28,0.03,23,0.26,18.24,85.11,9,14,7,6,11,0
223,1,3,0,0,2,1,1,6,23.33,10.08,2371.85,0.08,52,0.1,131.77,235.23,22,30,12,11,9,0
224,3,7,0,7,4,4,4,35,47.6,14.58,10122.49,0.23,119,0.07,562.36,694.11,50,69,36,21,45,0
225,4,25,8,0,13,5,4,59,41.63,29.86,37113.97,0.41,217,0.03,2061.88,1242.96,91,126,32,21,75,1
226,2,3,0,4,2,2,1,8,9.41,8.0,602.27,0.03,21,0.13,33.46,75.28,8,13,4,8,16,0
227,2,3,0,0,2,2,1,15,49.11,4.93,1192.85,0.08,56,0.2,66.27,242.03,23,33,14,6,19,1
228,3,13,0,10,7,3,5,15,10.33,22.17,5077.55,0.08,53,0.05,282.09,229.06,19,34,6,14,30,0
229,7,11,0,6,6,6,1,24,24.1,32.45,25372.2,0.26,145,0.03,1409.57,781.89,59,86,20,22,39,0
230,1,11,0,0,6,2,3,20,22.57,11.5,2985.37,0.09,54,0.09,165.85,259.6,23,31,14,14,23,0
231,2,7,0,0,4,2,3,22,38.44,9.0,3113.53,0.12,68,0.11,172.97,345.95,33,35,22,12,26,0
232,5,17,0,9,9,6,5,41,36.93,22.78,19162.57,0.28,156,0.04,1064.59,841.2,67,89,25,17,57,0
233,2,9,0,0,5,1,5,10,18.04,17.19,5329.82,0.1,73,0.06,296.1,310.1,25,48,8,11,14,0
234,4,9,0,0,5,5,1,23,21.02,32.58,22318.78,0.23,141,0.03,1239.93,684.98,46,95,12,17,29,0
235,4,3,0,0,2,2,1,26,57.69,9.23,4915.41,0.18,103,0.11,273.08,532.5,48,55,26,10,32,0
236,7,11,0,0,6,6,1,45,71.26,21.06,31595.26,0.5,253,0.05,1755.29,1500.48,109,144,44,17,52,0
237,3,25,0,0,13,9,12,34,35.84,23.6,19959.59,0.28,154,0.04,1108.87,845.75,59,95,25,20,39,0
238,19,25,1,25,13,7,6,61,48.4,36.76,65391.43,0.59,305,0.03,3632.86,1779.03,136,169,37,20,112,0
239,0,3,0,0,2,1,1,2,16.6,4.0,265.67,0.02,17,0.25,14.76,66.42,7,10,7,8,4,0
240,19,35,9,16,18,18,13,69,60.79,29.5,52898.93,0.6,300,0.03,2938.83,1793.18,118,182,42,21,115,1
241,7,9,0,3,5,3,1,32,44.49,12.74,7220.73,0.19,108,0.08,401.15,566.78,49,59,25,13,44,0
242,2,11,0,0,6,5,1,40,32.72,34.04,37937.06,0.37,208,0.03,2107.61,1114.37,87,121,23,18,44,0
243,2,3,0,1,2,2,1,8,26.48,5.45,787.8,0.05,34,0.18,43.77,144.43,15,19,11,8,14,0
244,13,14,0,0,9,6,1,40,38.42,16.81,10852.59,0.22,115,0.06,602.92,645.69,38,77,26,23,55,1
245,2,11,0,0,6,5,3,30,38.16,9.17,3206.27,0.12,72,0.11,178.13,349.77,30,42,18,11,34,0
246,5,9,0,0,5,3,1,18,39.18,11.0,4741.17,0.14,87,0.09,263.4,431.02,40,47,20,11,25,0
247,31,24,1,0,13,11,13,63,45.33,41.12,76656.56,0.62,321,0.02,4258.7,1864.16,118,203,33,23,103,0
248,9,3,0,0,2,2,1,8,21.69,7.77,1310.13,0.06,39,0.13,72.79,168.56,19,20,11,9,19,0
249,2,1,0,0,1,1,1,5,14.7,10.21,1533.34,0.05,36,0.1,85.19,150.12,13,23,7,11,10,0
250,5,9,0,8,5,4,1,42,41.05,22.73,21212.97,0.31,168,0.04,1178.5,933.17,67,101,28,19,57,0
251,28,6,11,13,4,4,1,21,28.78,14.61,6141.15,0.14,77,0.07,341.17,420.38,32,45,23,21,76,1
252,3,3,0,0,2,2,1,13,28.66,10.4,3099.78,0.1,62,0.1,172.21,298.06,24,38,15,13,18,0
253,1,3,0,0,2,2,1,9,28.52,5.0,713.12,0.05,33,0.2,39.62,142.62,15,18,12,8,12,0
254,5,13,0,0,7,6,1,38,23.58,24.67,14348.35,0.19,121,0.04,797.13,581.69,37,84,12,16,45,1
255,5,5,0,0,3,3,1,14,48.44,8.39,3406.91,0.14,82,0.12,189.27,406.24,41,41,22,9,21,0
256,0,3,0,0,2,2,1,6,19.19,3.86,285.46,0.02,20,0.26,15.86,74.01,9,11,7,6,8,0
257,0,11,0,0,6,1,1,13,46.91,4.0,750.59,0.06,45,0.25,41.7,187.65,16,29,12,6,15,0
258,7,9,0,0,5,5,1,32,30.81,20.63,13113.3,0.21,126,0.05,728.52,635.59,56,70,19,14,41,1
259,3,1,0,0,1,1,1,9,14.78,11.0,1788.9,0.05,39,0.09,99.38,162.63,14,25,7,11,14,1
260,1,1,0,0,1,1,1,5,30.15,2.78,232.67,0.03,22,0.36,12.93,83.76,10,12,9,5,8,0
261,7,1,0,4,1,1,1,22,31.02,13.88,5972.45,0.14,98,0.07,331.8,430.45,37,61,12,9,33,0
262,4,3,0,0,2,2,1,10,26.65,6.0,959.47,0.05,37,0.17,53.3,159.91,12,25,10,10,16,0
263,1,27,11,7,14,6,4,48,58.93,22.95,31033.99,0.45,235,0.04,1724.11,1352.4,109,126,38,16,69,0
264,3,5,0,0,3,2,1,17,17.13,13.8,3261.63,0.08,53,0.07,181.2,236.35,23,30,10,12,20,0
265,14,5,20,5,3,3,1,58,114.02,14.78,24894.09,0.56,265,0.07,1383.0,1684.75,132,133,67,15,99,0
266,1,1,0,0,1,1,1,49,131.5,12.25,19732.68,0.54,290,0.08,1096.26,1610.83,140,150,40,7,52,0
267,7,7,0,0,4,3,1,20,16.04,16.5,4367.55,0.09,57,0.06,242.64,264.7,22,35,10,15,29,0
268,7,27,9,0,14,10,7,59,42.97,30.52,40008.45,0.44,230,0.03,2222.69,1311.1,106,124,33,19,77,1
269,0,1,0,0,1,1,1,3,29.7,3.5,363.87,0.03,29,0.29,20.22,103.96,14,15,8,4,5,0
270,21,113,0,30,57,40,47,122,132.52,30.46,122973.42,1.35,605,0.03,6831.86,4036.82,235,370,81,21,175,1
271,16,5,1,14,3,1,1,94,93.34,28.15,73984.09,0.88,410,0.04,4110.22,2627.85,183,227,65,20,127,0
272,1,5,0,1,3,1,1,13,14.73,7.43,812.63,0.04,28,0.13,45.15,109.39,13,15,7,8,17,1
273,5,7,0,0,4,4,3,32,47.68,19.75,18597.05,0.31,166,0.05,1033.17,941.62,79,87,34,17,37,1
274,9,11,0,0,10,1,1,24,36.28,7.37,1969.97,0.09,53,0.14,109.44,267.35,20,33,19,14,35,0
275,2,5,0,0,3,1,1,22,29.26,14.61,6241.51,0.14,84,0.07,346.75,427.35,37,47,19,15,26,1
276,5,7,2,4,4,1,1,21,15.54,19.73,6046.3,0.1,66,0.05,335.91,306.49,31,35,11,14,36,0
277,92,60,0,162,35,27,26,275,86.75,99.64,861278.67,2.88,1301,0.01,47848.81,8643.66,465,836,70,30,531,0
278,7,7,0,0,4,3,1,32,23.5,21.71,11081.16,0.17,104,0.05,615.62,510.32,38,66,14,16,41,0
279,4,11,1,3,6,4,4,30,40.0,16.5,10888.66,0.22,124,0.06,604.93,659.92,55,69,25,15,40,0
280,0,9,0,0,5,4,5,13,21.8,6.19,834.61,0.04,33,0.16,46.37,134.89,11,22,8,9,15,0
281,0,1,0,0,1,1,1,2,7.74,1.5,17.41,0.0,5,0.67,0.97,11.61,2,3,2,3,4,1
282,4,3,0,0,2,2,1,14,44.64,9.65,4158.72,0.14,84,0.1,231.04,430.86,37,47,23,12,20,1
283,4,1,1,0,1,1,1,8,37.84,6.3,1502.03,0.08,52,0.16,83.45,238.42,21,31,15,9,15,0
284,8,27,0,5,14,5,8,52,21.8,51.6,58031.57,0.37,206,0.02,3223.98,1124.64,86,120,20,24,67,0
285,12,25,1,9,13,5,5,60,36.77,55.76,114302.82,0.68,353,0.02,6350.16,2050.0,160,193,33,23,88,0
286,13,21,0,12,11,8,4,79,53.33,41.59,92218.5,0.74,371,0.02,5123.25,2217.57,155,216,41,22,106,0
287,4,17,2,3,9,3,7,15,23.12,16.43,6244.67,0.13,76,0.06,346.93,380.0,29,47,15,17,26,0
288,1,5,0,0,3,3,1,18,34.35,9.0,2782.21,0.1,63,0.11,154.57,309.13,27,36,18,12,22,0
289,3,9,0,4,5,5,1,23,24.16,19.5,9185.7,0.16,96,0.05,510.32,471.06,39,57,15,15,32,0
290,0,1,0,0,1,1,1,4,7.74,1.5,17.41,0.0,5,0.67,0.97,11.61,2,3,2,3,4,0
291,3,3,0,0,2,2,1,12,35.81,4.8,825.1,0.06,38,0.21,45.84,171.9,18,20,15,8,17,0
292,2,3,0,6,2,2,1,82,201.19,22.32,100260.48,1.5,676,0.04,5570.03,4491.25,253,423,85,15,92,0
293,8,15,0,13,8,7,1,27,24.59,23.16,13184.02,0.19,111,0.04,732.45,569.35,39,72,16,19,50,1
294,5,15,4,1,10,3,1,83,38.8,34.8,46993.5,0.45,213,0.03,2610.75,1350.39,87,126,45,36,96,1
295,4,1,0,0,1,1,1,16,66.59,6.0,2397.22,0.13,85,0.17,133.18,399.54,40,45,20,6,22,0
296,5,3,0,4,2,2,1,16,46.44,6.14,1748.86,0.1,57,0.16,97.16,285.0,27,30,22,10,27,0
297,0,9,0,0,5,3,4,18,31.28,9.17,2628.33,0.1,61,0.11,146.02,286.73,25,36,15,11,20,0
298,5,1,0,0,1,1,1,9,21.8,7.88,1351.93,0.06,42,0.13,75.11,171.67,14,28,8,9,16,0
299,3,3,0,0,2,2,1,12,19.66,7.78,1189.42,0.05,36,0.13,66.08,152.93,14,22,9,10,17,1
300,3,3,0,7,2,2,1,13,12.0,10.0,1200.0,0.04,30,0.1,66.67,120.0,12,18,6,10,25,0
301,13,3,0,0,2,2,1,63,71.77,34.89,87390.38,0.83,419,0.03,4855.02,2504.48,205,214,47,16,76,0
302,5,7,0,0,4,2,1,8,22.85,11.69,3124.06,0.09,55,0.09,173.56,267.19,19,36,13,16,15,0
303,2,11,0,6,6,5,4,50,71.92,18.57,24806.45,0.45,229,0.05,1378.14,1335.73,104,125,42,15,58,0
304,3,9,0,0,5,4,1,18,26.36,22.0,12759.36,0.19,114,0.05,708.85,579.97,44,70,17,17,23,0
305,5,3,0,3,2,2,1,17,45.55,11.73,6264.52,0.18,105,0.09,348.03,534.18,43,62,22,12,27,0
306,2,1,0,0,1,1,1,4,6.15,9.0,498.16,0.02,16,0.11,27.68,55.35,4,12,2,9,9,0
307,5,17,0,1,9,3,6,23,23.59,25.88,15796.57,0.2,120,0.04,877.59,610.5,46,74,16,18,31,0
308,0,1,0,0,1,1,1,3,16.12,4.0,258.12,0.02,18,0.25,14.34,64.53,8,10,6,6,5,0
309,3,7,2,0,4,2,1,18,25.78,18.28,8614.57,0.16,97,0.05,478.59,471.22,45,52,16,13,25,0
310,6,13,0,2,7,5,6,41,58.54,15.65,14331.67,0.31,164,0.06,796.2,915.93,76,88,34,14,53,0
311,30,55,5,23,28,14,15,134,86.2,39.9,137251.55,1.15,520,0.03,7625.09,3439.65,221,299,72,26,194,1
312,3,1,0,0,1,1,1,11,31.04,8.33,2155.39,0.09,58,0.12,119.74,258.64,20,38,12,10,17,0
313,11,31,2,4,16,5,16,66,29.5,48.19,68511.5,0.47,262,0.02,3806.19,1421.68,92,170,21,22,86,0
314,20,49,0,3,25,9,11,105,56.84,49.5,139267.55,0.94,456,0.02,7737.09,2813.49,198,258,48,24,130,1
315,0,3,0,0,2,1,1,9,12.33,7.2,639.44,0.03,24,0.14,35.52,88.81,9,15,5,8,11,0
316,6,39,1,8,20,10,17,99,69.07,35.17,85429.53,0.81,380,0.03,4746.09,2429.08,166,214,59,25,116,0
317,4,3,0,6,2,2,1,13,15.5,8.57,1138.58,0.04,34,0.12,63.25,132.83,15,19,7,8,25,0
318,3,1,0,1,1,1,1,7,9.87,7.88,611.96,0.03,21,0.13,34.0,77.71,7,14,4,9,13,0
319,2,1,0,0,1,1,1,9,40.06,3.92,616.6,0.05,37,0.25,34.26,157.17,17,20,13,6,13,0
320,2,5,0,0,3,2,3,10,23.04,11.5,3047.18,0.09,54,0.09,169.29,264.97,23,31,15,15,14,1
321,8,32,0,17,17,8,5,99,52.75,35.63,66951.32,0.63,299,0.03,3719.52,1879.34,114,185,48,30,127,0
322,1,1,0,0,1,1,1,3,12.68,2.5,79.25,0.01,10,0.4,4.4,31.7,4,6,4,5,6,1
323,0,5,0,0,3,3,1,12,14.5,8.67,1088.9,0.04,33,0.12,60.49,125.64,13,20,6,8,14,1
324,2,3,0,0,2,2,1,11,11.75,8.1,770.99,0.03,25,0.12,42.83,95.18,9,16,5,9,15,0
325,2,11,1,0,6,3,5,10,33.74,30.44,31267.11,0.34,193,0.03,1737.06,1027.13,45,148,17,23,15,0
326,2,6,0,0,4,4,1,26,35.24,11.55,4700.82,0.14,80,0.09,261.16,407.0,33,47,20,14,30,0
327,2,9,0,0,5,5,1,26,36.28,7.38,1978.57,0.09,61,0.14,109.92,267.93,24,37,13,8,30,0
328,3,1,0,1,1,1,1,11,22.67,12.0,3264.3,0.09,61,0.08,181.35,272.03,20,41,10,12,18,0
329,5,9,0,3,5,4,1,25,27.07,12.69,4357.93,0.11,70,0.08,242.11,343.48,29,41,16,14,35,1
330,1,25,1,0,13,11,12,26,28.89,22.37,14455.38,0.22,125,0.04,803.08,646.24,50,75,19,17,30,0
331,1,5,0,0,3,3,1,8,15.8,8.33,1097.38,0.04,31,0.12,60.97,131.69,15,16,9,10,11,0
332,0,15,0,0,8,7,1,33,33.43,10.55,3718.1,0.12,83,0.09,206.56,352.58,29,54,11,8,36,0
333,3,31,2,0,16,1,1,65,132.89,5.73,4359.02,0.25,144,0.17,242.17,761.1,63,81,33,6,72,1
334,6,47,0,18,24,20,23,59,48.07,30.65,45141.75,0.49,261,0.03,2507.87,1473.05,100,161,31,19,85,1
335,8,9,0,0,5,5,5,18,28.4,15.0,6390.91,0.14,86,0.07,355.05,426.06,32,54,16,15,28,0
336,0,1,0,0,1,1,1,2,9.51,3.0,85.59,0.01,9,0.33,4.75,28.53,3,6,3,6,4,0
337,1,5,0,0,3,3,1,22,38.83,15.95,9877.43,0.21,125,0.06,548.75,619.27,58,67,20,11,23,0
338,6,15,0,0,8,7,5,39,24.98,26.71,17829.93,0.22,123,0.04,990.55,667.43,51,72,21,22,47,0
339,2,13,0,0,7,4,1,30,30.6,21.0,13493.48,0.21,117,0.05,749.64,642.55,48,69,24,21,35,0
340,12,3,0,1,2,2,1,57,95.32,13.38,17051.67,0.42,208,0.07,947.31,1274.89,107,101,56,14,72,0
341,7,7,0,0,4,3,3,21,35.2,20.57,14895.77,0.24,137,0.05,827.54,724.1,48,89,21,18,30,1
342,4,3,0,0,2,2,1,16,22.13,14.09,4394.31,0.1,71,0.07,244.13,311.85,31,40,11,10,23,0
343,0,5,1,1,3,1,1,5,8.96,6.0,322.65,0.02,15,0.17,17.92,53.77,6,9,4,8,9,0
344,10,23,0,13,12,8,9,47,41.33,30.57,38612.14,0.42,213,0.03,2145.12,1263.25,101,112,38,23,70,0
345,30,9,0,1,5,1,1,21,12.26,17.0,3544.44,0.07,50,0.06,196.91,208.5,17,33,6,12,54,0
346,9,27,0,0,14,5,14,46,23.19,36.67,31172.69,0.28,162,0.03,1731.82,850.16,66,96,18,20,57,0
347,4,3,0,5,2,1,1,10,21.22,5.78,708.49,0.04,30,0.17,39.36,122.62,13,17,9,8,21,0
348,3,13,0,5,7,4,3,31,41.12,12.0,5921.81,0.16,97,0.08,328.99,493.48,44,53,22,12,43,1
349,3,3,0,0,2,2,1,8,12.12,6.6,528.0,0.03,20,0.15,29.33,80.0,6,14,5,11,13,0
350,4,1,0,1,1,1,1,8,55.4,6.64,2444.68,0.12,75,0.15,135.82,368.02,31,44,21,9,15,0
351,0,3,0,0,2,2,1,8,12.28,7.0,601.66,0.03,22,0.14,33.43,85.95,7,15,5,10,10,0
352,3,3,0,0,2,1,1,4,12.34,5.83,420.0,0.02,18,0.17,23.33,72.0,7,11,6,10,9,0
353,13,52,0,0,31,2,1,92,42.71,38.71,64005.25,0.55,286,0.03,3555.85,1653.47,100,186,31,24,107,1
354,3,3,0,0,2,1,1,7,11.23,5.6,352.28,0.02,17,0.18,19.57,62.91,7,10,5,8,12,1
355,3,7,0,3,4,4,1,27,26.43,13.3,4675.24,0.12,86,0.08,259.74,351.52,38,48,10,7,37,0
356,7,9,0,0,5,3,1,36,61.66,16.2,16181.61,0.33,172,0.06,898.98,998.87,81,91,40,16,43,0
357,3,7,0,1,4,1,1,12,25.77,8.25,1754.01,0.07,47,0.12,97.45,212.61,18,29,12,11,18,1
358,2,7,0,0,4,3,1,29,45.31,10.71,5201.91,0.16,98,0.09,288.99,485.51,45,53,21,10,33,1
359,1,9,0,0,5,5,5,17,20.48,14.86,4519.95,0.1,62,0.07,251.11,304.23,26,36,14,16,20,0
360,6,7,0,0,4,3,1,23,33.22,11.29,4233.55,0.13,75,0.09,235.2,375.0,33,42,19,13,31,0
361,4,5,0,0,3,3,1,20,18.07,20.0,7227.43,0.12,76,0.05,401.52,361.37,32,44,12,15,26,0
362,31,31,0,0,17,14,8,170,48.9,87.0,370122.64,1.42,683,0.01,20562.37,4254.28,276,407,46,29,203,0
363,4,3,0,2,2,1,1,41,23.1,51.88,62158.27,0.4,252,0.02,3453.24,1198.23,83,169,12,15,49,1
364,25,27,0,12,15,14,1,100,56.53,33.27,62586.87,0.63,309,0.03,3477.05,1881.03,122,187,44,24,139,1
365,4,3,0,1,2,1,1,20,32.77,8.75,2508.86,0.1,61,0.11,139.38,286.73,28,33,16,10,27,1
366,1,1,0,0,1,1,1,2,8.0,3.0,72.0,0.01,8,0.33,4.0,24.0,2,6,2,6,5,1
367,2,1,0,0,1,1,1,13,42.77,8.57,3142.38,0.12,74,0.12,174.58,366.61,36,38,21,10,15,0
368,0,1,0,0,1,1,1,2,9.6,2.5,60.0,0.01,8,0.4,3.33,24.0,3,5,3,5,5,0
369,2,13,0,6,7,1,5,22,13.76,27.13,10125.36,0.12,74,0.04,562.52,373.29,31,43,12,21,32,0
370,2,3,0,0,2,2,1,11,18.25,9.0,1478.1,0.05,38,0.11,82.12,164.23,12,26,8,12,16,0
371,5,3,0,0,2,2,1,17,29.91,10.5,3297.43,0.1,64,0.1,183.19,314.04,24,40,16,14,25,0
372,1,11,0,6,6,4,1,47,44.86,18.33,15077.27,0.27,166,0.05,837.63,822.4,77,89,21,10,56,0
373,6,11,0,0,6,6,6,27,20.43,35.14,25226.63,0.24,134,0.03,1401.48,717.91,55,79,18,23,33,0
374,3,3,0,0,2,2,1,10,24.86,4.67,541.33,0.04,29,0.21,30.07,116.0,12,17,9,7,15,0
375,0,5,0,0,3,2,1,6,15.01,7.5,844.41,0.04,27,0.13,46.91,112.59,12,15,8,10,8,0
376,2,5,0,0,3,1,3,12,13.99,10.5,1542.93,0.05,34,0.1,85.72,146.95,9,25,6,14,16,0
377,7,19,0,4,10,4,6,52,26.01,35.05,31955.88,0.3,175,0.03,1775.33,911.65,74,101,19,18,65,1
378,0,1,0,4,1,1,1,5,17.17,2.4,98.9,0.01,13,0.42,5.49,41.21,6,7,5,4,9,0
379,1,1,0,0,1,1,1,6,13.45,3.6,174.36,0.02,14,0.28,9.69,48.43,6,8,5,6,9,0
380,23,137,0,0,69,62,14,325,286.74,33.19,315858.32,3.17,1251,0.03,17547.68,9516.77,550,701,174,21,350,1
381,7,13,0,0,7,7,1,45,34.7,19.08,12631.04,0.22,122,0.05,701.72,662.0,53,69,25,18,54,0
382,1,13,0,3,7,5,7,14,10.07,40.07,16167.89,0.13,88,0.02,898.22,403.48,33,55,7,17,20,0
383,27,53,0,29,27,21,1,109,50.73,52.54,140031.41,0.89,461,0.02,7779.52,2665.21,216,245,37,18,167,0
384,14,35,1,12,18,10,6,75,37.65,53.14,106331.12,0.67,351,0.02,5907.28,2000.85,124,227,28,24,104,0
385,5,3,0,10,2,2,1,22,41.99,13.72,7904.21,0.19,109,0.07,439.12,576.11,49,60,25,14,40,0
386,0,1,0,0,1,1,1,4,18.13,4.29,333.04,0.03,21,0.23,18.5,77.71,10,11,7,6,6,0
387,3,1,0,0,1,1,1,6,15.42,6.67,685.32,0.03,27,0.15,38.07,102.8,10,17,6,8,11,0
388,1,7,0,1,4,4,1,25,32.65,14.37,6740.64,0.16,93,0.07,374.48,469.13,39,54,19,14,29,0
389,2,11,0,0,6,6,5,34,32.47,30.33,29872.94,0.33,192,0.03,1659.61,984.82,91,101,21,14,38,0
390,6,21,0,1,11,7,1,63,74.79,22.22,36939.51,0.55,274,0.04,2052.19,1662.11,121,153,49,18,70,0
391,1,11,0,0,6,5,1,12,25.22,13.2,4393.52,0.11,70,0.08,244.08,332.84,33,37,15,12,15,0
392,4,11,0,2,6,5,1,48,49.96,17.0,14439.21,0.28,149,0.06,802.18,849.37,70,79,35,17,56,0
393,8,9,1,6,5,3,1,45,50.65,21.5,23414.96,0.36,195,0.05,1300.83,1089.07,86,109,32,16,62,0
394,11,9,0,13,5,2,4,28,39.83,20.15,16169.62,0.27,147,0.05,898.31,802.54,64,83,27,17,54,1
395,1,13,0,0,7,4,7,11,17.73,16.0,4538.14,0.09,59,0.06,252.12,283.63,24,35,12,16,14,0
396,2,17,8,0,9,8,1,28,46.1,12.14,6797.87,0.19,113,0.08,377.66,559.82,51,62,21,10,40,0
397,2,9,0,0,5,2,5,8,10.44,20.64,4448.4,0.07,47,0.05,247.13,215.49,17,30,7,17,12,0
398,2,3,0,0,2,2,1,11,22.79,9.0,1846.2,0.07,46,0.11,102.57,205.13,18,28,11,11,13,0
399,3,11,0,0,6,2,3,14,17.82,14.73,3863.94,0.09,58,0.07,214.66,262.37,27,31,11,12,19,0
400,1,3,0,0,2,2,1,7,11.95,6.3,474.29,0.03,21,0.16,26.35,75.28,9,12,5,7,10,0
401,12,29,2,8,15,14,14,64,59.44,29.62,52130.58,0.59,298,0.03,2896.14,1760.25,110,188,39,21,88,0
402,11,11,0,3,6,2,6,51,92.85,15.09,21155.16,0.47,225,0.07,1175.29,1401.48,103,122,58,17,67,0
403,7,3,0,1,2,2,1,21,58.49,11.85,8207.69,0.23,133,0.08,455.98,692.86,56,77,26,11,31,0
404,0,1,0,0,1,1,1,2,7.86,2.5,49.13,0.01,7,0.4,2.73,19.65,2,5,2,5,4,1
405,0,3,1,1,2,2,1,6,16.37,6.87,774.04,0.04,27,0.15,43.0,112.59,11,16,8,10,10,1
406,8,13,0,17,7,6,1,33,34.28,25.78,22774.73,0.29,155,0.04,1265.26,883.57,65,90,29,23,60,0
407,2,5,0,0,3,3,1,13,29.71,4.77,676.67,0.05,34,0.21,37.59,141.78,15,19,11,7,17,0
408,7,27,0,9,14,14,1,120,49.72,51.8,133399.56,0.86,454,0.02,7411.09,2575.28,148,306,30,21,139,0
409,18,19,0,3,10,6,1,69,67.82,27.56,51520.06,0.62,306,0.04,2862.23,1869.21,126,180,48,21,92,1
410,4,5,0,5,3,3,1,12,18.91,10.56,2107.44,0.07,47,0.09,117.08,199.65,19,28,9,10,23,0
411,4,11,1,0,6,3,1,20,18.94,10.67,2155.16,0.07,46,0.09,119.73,202.05,16,30,9,12,27,0
412,1,21,0,0,11,9,9,65,58.52,18.51,20058.99,0.36,191,0.05,1114.39,1083.43,81,110,35,16,68,0
413,2,21,0,0,11,4,1,56,45.51,14.62,9733.57,0.22,137,0.07,540.75,665.54,36,101,16,13,61,0
414,8,15,0,9,8,6,7,31,45.81,16.69,12752.83,0.25,140,0.06,708.49,764.32,53,87,27,17,50,0
415,3,11,0,2,6,4,4,42,49.86,21.5,23049.9,0.36,189,0.05,1280.55,1072.09,86,103,34,17,47,0
416,8,21,0,9,11,3,9,32,25.71,24.94,15988.94,0.21,125,0.04,888.27,641.16,42,83,16,19,51,0
417,0,3,0,0,2,2,1,11,14.09,5.4,410.98,0.03,22,0.19,22.83,76.11,9,13,5,6,13,0
418,0,1,0,0,1,1,1,1,0.0,0.0,0.0,0.0,1,0.0,0.0,0.0,0,1,0,1,2,0
419,4,9,0,3,5,1,1,26,18.32,19.94,7283.6,0.12,86,0.05,404.64,365.32,29,57,8,11,38,0
420,4,13,0,12,7,5,4,33,24.48,20.04,9826.83,0.16,99,0.05,545.93,490.47,33,66,14,17,51,1
421,8,7,0,0,4,4,1,13,28.57,7.96,1810.7,0.08,51,0.13,100.59,227.43,23,28,13,9,23,0
422,1,3,0,0,2,2,1,8,30.68,5.54,941.08,0.06,40,0.18,52.28,169.92,24,16,13,6,12,0
423,9,13,0,0,7,5,3,35,30.34,21.47,13988.36,0.22,127,0.05,777.13,651.42,51,76,19,16,46,0
424,26,39,3,22,20,16,12,98,60.05,55.4,184330.69,1.11,541,0.02,10240.59,3327.01,217,324,47,24,151,1
425,11,17,4,8,9,3,1,56,42.33,33.39,47209.31,0.47,248,0.03,2622.74,1413.71,116,132,33,19,88,1
426,7,1,0,0,1,1,1,21,55.3,7.79,3357.12,0.14,84,0.13,186.51,430.86,34,50,24,11,33,0
427,1,9,0,0,5,5,1,20,18.65,21.25,8422.13,0.13,80,0.05,467.9,396.34,35,45,14,17,23,0
428,5,7,0,3,4,3,4,23,23.93,14.0,4690.0,0.11,67,0.07,260.56,335.0,28,39,16,16,33,1
429,1,7,0,1,4,4,1,21,18.98,12.73,3074.62,0.08,55,0.08,170.81,241.58,28,27,11,10,25,0
430,4,15,1,4,8,4,7,24,16.78,22.1,8197.6,0.12,82,0.05,455.42,370.93,34,48,10,13,38,0
431,3,45,0,12,23,18,18,77,58.46,20.9,25543.94,0.41,220,0.05,1419.11,1222.01,81,139,31,16,94,1
432,8,15,1,2,8,7,1,26,50.88,14.9,11289.73,0.25,138,0.07,627.21,757.88,54,84,29,16,39,0
433,2,3,0,0,2,2,1,8,11.52,8.33,800.0,0.03,24,0.12,44.44,96.0,10,14,6,10,13,0
434,3,29,0,0,15,7,15,36,32.22,21.33,14662.91,0.23,134,0.05,814.61,687.32,64,70,21,14,43,0
435,25,17,6,14,9,7,3,99,56.48,55.31,172787.45,1.04,548,0.02,9599.3,3123.84,177,371,32,20,146,0
436,1,5,0,0,3,3,1,4,26.64,7.2,1381.08,0.06,46,0.14,76.73,191.82,18,28,10,8,7,1
437,18,7,0,11,4,3,1,74,126.75,15.32,29754.91,0.65,303,0.07,1653.05,1942.05,143,160,70,15,105,1
438,5,11,0,0,6,4,5,22,27.16,16.05,7000.05,0.15,85,0.06,388.89,435.99,34,51,18,17,32,0
439,1,5,0,0,3,3,1,15,23.38,8.71,1772.67,0.07,45,0.11,98.48,203.56,19,26,12,11,18,0
440,1,1,0,0,1,1,1,2,10.34,2.0,41.36,0.01,8,0.5,2.3,20.68,2,6,2,4,6,0
441,0,1,0,0,1,1,1,3,10.38,4.0,166.05,0.01,12,0.25,9.23,41.51,3,9,3,8,5,0
442,4,5,0,0,3,3,1,19,16.37,24.67,9960.84,0.13,84,0.04,553.38,403.82,37,47,12,16,27,0
443,1,3,0,0,2,2,1,8,12.56,6.67,558.41,0.03,22,0.15,31.02,83.76,10,12,6,8,11,0
444,0,3,0,1,2,1,1,8,11.1,8.4,782.96,0.03,26,0.12,43.5,93.21,12,14,5,7,9,0
445,4,13,0,0,7,4,7,34,22.9,20.57,9690.41,0.16,96,0.05,538.36,471.06,36,60,14,16,43,0
446,2,1,0,4,1,1,1,4,31.29,2.75,236.61,0.03,24,0.36,13.14,86.04,11,13,8,4,12,0
447,0,1,0,0,1,1,1,3,12.63,2.0,50.53,0.01,9,0.5,2.81,25.27,3,6,3,4,5,0
448,13,7,0,0,4,3,4,32,44.65,14.4,9257.85,0.21,120,0.07,514.32,642.91,45,75,25,16,47,1
449,6,17,3,8,9,3,6,54,24.83,34.74,29962.81,0.29,161,0.03,1664.6,862.57,60,101,19,22,75,0
450,5,1,0,7,1,1,1,16,26.35,15.0,5929.63,0.13,90,0.07,329.42,395.31,40,50,12,9,30,0
451,8,17,0,0,9,4,8,40,18.91,41.65,32799.55,0.26,147,0.02,1822.2,787.56,59,88,17,24,48,1
452,1,1,0,0,1,1,1,3,16.73,3.0,150.57,0.02,14,0.33,8.36,50.19,6,8,6,6,6,0
453,0,13,0,0,11,2,1,38,33.35,14.32,6837.09,0.16,88,0.07,379.84,477.51,30,58,22,21,40,0
454,33,9,0,2,5,1,1,21,13.8,13.33,2453.33,0.06,46,0.08,136.3,184.0,16,30,6,10,58,0
455,1,21,0,0,11,4,9,17,15.08,15.44,3593.74,0.08,53,0.06,199.65,232.79,19,34,8,13,20,0
456,5,3,0,4,2,1,1,13,16.1,15.0,3622.21,0.08,52,0.07,201.23,241.48,20,32,10,15,24,0
457,84,35,0,32,18,9,12,111,70.3,40.8,117023.39,0.96,455,0.02,6501.3,2868.22,187,268,55,24,229,1
458,1,3,0,0,2,2,1,9,17.28,5.79,578.57,0.03,25,0.17,32.14,100.0,9,16,7,9,12,0
459,1,3,0,0,2,2,1,8,22.07,3.86,328.28,0.03,23,0.26,18.24,85.11,9,14,7,6,11,0
460,5,27,4,3,14,4,6,34,18.66,35.71,23802.06,0.22,131,0.03,1322.34,666.46,50,81,14,20,49,0
461,33,19,0,61,10,4,6,75,30.04,65.45,128709.04,0.66,356,0.02,7150.5,1966.39,120,236,22,24,171,0
462,0,1,0,0,1,1,1,9,28.03,7.0,1373.39,0.07,48,0.14,76.3,196.2,20,28,10,7,11,0
463,0,1,0,0,1,1,1,0,7.86,2.5,49.13,0.01,7,0.4,2.73,19.65,2,5,2,5,1,0
464,5,7,0,3,4,4,4,14,28.57,14.0,5600.0,0.13,80,0.07,311.11,400.0,36,44,18,14,24,0
465,3,7,0,0,4,2,4,17,15.32,19.55,5856.36,0.1,63,0.05,325.35,299.56,23,40,10,17,22,0
466,0,1,0,0,1,1,1,0,0.0,0.0,0.0,0.0,0,0.0,0.0,0.0,0,0,0,0,95,0
467,25,3,0,1,2,1,1,87,132.74,28.22,105742.77,1.25,580,0.04,5874.6,3746.47,205,375,69,19,115,1
468,11,13,0,6,7,5,1,44,50.34,16.0,12886.65,0.27,145,0.06,715.92,805.42,62,83,31,16,63,0
469,10,19,1,4,10,9,3,49,53.72,26.7,38298.92,0.48,247,0.04,2127.72,1434.42,89,158,35,21,66,0
470,2,11,0,0,6,3,1,33,30.04,9.5,2711.33,0.1,64,0.11,150.63,285.4,19,45,11,11,37,0
471,5,7,0,0,4,3,4,24,38.85,11.56,5194.56,0.15,85,0.09,288.59,449.26,37,48,24,15,31,0
472,5,1,1,0,1,1,1,10,34.61,9.82,3336.55,0.11,80,0.1,185.36,339.83,27,53,11,8,19,0
473,2,10,2,1,6,1,1,26,18.85,21.82,8971.6,0.14,83,0.05,498.42,411.2,24,59,11,20,33,0
474,13,11,0,1,10,2,1,58,42.44,13.68,7942.75,0.19,107,0.07,441.26,580.61,38,69,25,18,74,0
475,3,5,0,0,3,2,1,15,18.73,9.0,1517.0,0.06,39,0.11,84.28,168.56,12,27,8,12,21,0
476,2,3,0,0,2,1,1,6,11.53,4.8,265.68,0.02,16,0.21,14.76,55.35,8,8,5,6,10,0
477,1,5,0,0,3,3,1,13,30.8,8.08,2009.51,0.08,55,0.12,111.64,248.8,21,34,13,10,17,0
478,1,1,0,0,1,1,1,3,9.69,4.0,155.1,0.01,15,0.25,8.62,38.77,4,11,2,4,6,0
479,2,3,0,0,2,2,1,13,16.55,24.05,9573.67,0.13,88,0.04,531.87,398.07,37,51,10,13,19,0
480,2,5,0,0,3,3,1,17,43.62,9.0,3532.96,0.13,80,0.11,196.28,392.55,36,44,20,10,21,0
481,16,69,0,1,35,16,26,164,77.45,42.56,140300.03,1.1,526,0.02,7794.45,3296.33,227,299,56,21,187,1
482,21,3,0,9,2,2,1,29,168.31,4.07,2790.02,0.23,118,0.25,155.0,685.27,57,61,49,7,61,1
483,2,5,0,4,3,2,3,14,24.12,13.5,4395.57,0.11,64,0.07,244.2,325.6,24,40,16,18,22,1
484,42,1,0,25,1,1,1,144,194.78,43.64,370994.3,2.83,1288,0.02,20610.79,8500.69,564,724,84,13,213,0
485,2,7,0,0,4,1,1,8,22.92,8.0,1467.19,0.06,40,0.13,81.51,183.4,16,24,12,12,12,1
486,0,7,0,5,4,3,1,10,28.32,6.75,1290.31,0.06,45,0.15,71.68,191.16,15,30,10,9,17,0
487,2,11,1,0,6,3,5,10,33.92,30.44,31429.12,0.34,194,0.03,1746.06,1032.45,45,149,17,23,15,0
488,4,3,0,0,2,2,1,19,43.32,7.25,2276.8,0.1,64,0.14,126.49,314.04,29,35,20,10,25,0
489,19,25,1,10,13,5,8,90,104.15,25.94,70068.25,0.9,404,0.04,3892.68,2701.35,191,213,81,22,120,0
490,9,17,0,15,9,5,4,41,28.11,18.67,9793.69,0.17,108,0.05,544.09,524.66,40,68,15,14,67,0
491,4,5,0,0,3,2,3,11,23.96,7.7,1420.48,0.06,42,0.13,78.92,184.48,14,28,10,11,17,1
492,10,13,0,3,7,4,1,37,40.82,22.33,20360.13,0.3,166,0.04,1131.12,911.65,67,99,27,18,53,0
493,1,3,0,0,2,2,1,15,15.45,17.87,4935.56,0.09,65,0.06,274.2,276.12,26,39,8,11,18,0
494,6,29,8,1,15,15,14,53,57.74,24.12,33593.77,0.46,242,0.04,1866.32,1392.68,105,137,37,17,70,0
495,12,35,0,1,18,2,3,95,35.48,48.84,84641.27,0.58,312,0.02,4702.29,1733.03,111,201,25,22,112,1
496,27,1,0,16,1,1,1,73,139.24,25.56,90968.02,1.19,605,0.04,5053.78,3559.0,284,321,50,9,119,0
497,0,1,0,0,1,1,1,3,14.95,4.0,239.18,0.02,18,0.25,13.29,59.79,8,10,5,5,5,0
498,4,1,0,0,1,1,1,12,27.93,9.23,2380.09,0.09,57,0.11,132.23,257.83,24,33,13,10,19,0
499,12,11,0,4,6,3,3,26,22.05,27.65,16851.05,0.2,117,0.04,936.17,609.51,47,70,17,20,48,0
500,3,1,0,1,1,1,1,8,27.59,5.78,921.04,0.05,39,0.17,51.17,159.41,13,26,9,8,14,0
501,11,19,0,10,10,7,4,45,67.88,17.64,21110.89,0.4,210,0.06,1172.83,1197.09,87,123,37,15,69,0
502,3,7,0,0,4,1,4,16,8.29,16.5,2256.23,0.05,35,0.06,125.35,136.74,12,23,4,11,22,0
503,0,3,0,0,2,2,1,11,31.53,3.5,386.27,0.04,27,0.29,21.46,110.36,10,17,10,7,13,0
504,9,29,2,10,15,5,8,90,39.59,65.91,171998.36,0.87,440,0.02,9555.46,2609.52,166,274,34,27,114,0
505,1,5,0,0,3,1,3,12,20.9,9.6,1926.47,0.07,45,0.1,107.03,200.67,16,29,10,12,17,0
506,5,15,0,5,8,2,1,34,35.3,16.37,9472.27,0.19,111,0.06,526.24,578.25,43,68,21,16,46,0
507,6,19,1,1,10,6,10,34,59.38,11.79,8248.09,0.23,124,0.08,458.23,699.84,55,69,35,15,44,1
508,10,7,0,1,4,2,1,29,19.68,26.4,13716.72,0.17,103,0.04,762.04,519.57,44,59,15,18,42,0
509,3,5,0,0,3,2,3,18,17.52,16.36,4690.16,0.1,59,0.06,260.56,286.62,20,39,11,18,23,0
510,15,17,0,0,9,6,1,71,65.34,24.31,38633.74,0.53,269,0.04,2146.32,1588.95,123,146,43,17,88,0
511,17,14,0,0,13,2,1,72,38.4,22.31,19115.77,0.29,156,0.04,1061.99,856.73,51,105,24,21,92,0
512,8,11,0,8,6,6,1,43,21.6,47.68,49103.78,0.34,212,0.02,2727.99,1029.89,89,123,14,15,64,0
513,4,9,3,2,5,5,1,19,31.39,18.86,11162.77,0.2,112,0.05,620.15,591.97,44,68,21,18,30,0
514,3,13,0,2,7,3,7,24,22.22,16.62,6134.51,0.12,76,0.06,340.81,369.21,27,49,13,16,31,0
515,1,7,0,0,4,3,3,13,18.4,5.0,460.0,0.03,23,0.2,25.56,92.0,6,17,6,10,16,0
516,2,5,0,0,3,2,3,10,12.02,11.14,1492.92,0.04,31,0.09,82.94,133.98,12,19,7,13,14,0
517,7,7,1,4,4,3,1,21,40.44,17.37,12202.02,0.23,132,0.06,677.89,702.49,47,85,23,17,35,0
518,51,9,4,23,6,6,1,52,52.24,18.59,18060.94,0.32,173,0.05,1003.39,971.34,70,103,32,17,132,1
519,2,1,0,0,1,1,1,6,11.07,8.75,847.56,0.03,28,0.11,47.09,96.86,10,18,4,7,10,0
520,2,11,0,1,6,5,3,21,16.27,28.05,12803.96,0.15,96,0.04,711.33,456.47,33,63,10,17,26,0
521,4,13,1,1,7,4,5,30,47.22,14.97,10581.4,0.24,124,0.07,587.86,706.85,52,72,33,19,36,0
522,6,13,0,3,7,3,7,24,35.82,12.68,5754.39,0.15,90,0.08,319.69,454.0,39,51,20,13,35,0
523,4,5,0,0,3,3,1,9,23.28,10.05,2348.96,0.08,51,0.1,130.5,233.83,17,34,11,13,15,0
524,1,7,1,0,4,2,1,35,39.05,24.94,24282.8,0.32,170,0.04,1349.04,973.75,76,94,32,21,37,0
525,10,17,0,0,10,9,1,80,69.36,27.65,53022.96,0.64,326,0.04,2945.72,1917.74,93,233,37,22,95,1
526,6,11,0,10,6,6,1,31,30.14,14.0,5907.9,0.14,86,0.07,328.22,421.99,42,44,18,12,47,1
527,2,25,0,0,13,4,1,30,26.52,24.88,16419.41,0.22,124,0.04,912.19,659.92,55,69,21,19,37,1
528,0,1,0,0,1,1,1,5,17.43,2.0,69.74,0.01,11,0.5,3.87,34.87,5,6,5,4,5,0
529,1,5,0,0,3,3,1,12,9.76,11.7,1336.38,0.04,30,0.09,74.24,114.22,13,17,5,9,15,0
530,7,7,1,7,6,6,1,42,36.28,18.67,12641.61,0.23,130,0.05,702.31,677.23,49,81,21,16,60,0
531,5,7,0,2,4,3,4,27,31.37,13.76,5943.69,0.14,88,0.07,330.2,431.81,36,52,17,13,36,0
532,7,15,0,1,8,6,6,40,29.39,25.6,19261.03,0.25,137,0.04,1070.06,752.38,64,73,25,20,51,0
533,2,3,0,0,2,2,1,7,17.97,3.5,220.18,0.02,17,0.29,12.23,62.91,6,11,6,7,11,1
534,0,1,0,4,1,1,1,1,0.0,0.0,0.0,0.0,1,0.0,0.0,0.0,0,1,0,1,7,0
535,1,7,0,0,4,1,4,19,15.85,10.0,1584.57,0.05,38,0.1,88.03,158.46,16,22,8,10,20,0
536,5,40,0,5,39,2,1,85,63.25,23.83,35923.67,0.5,215,0.04,1995.76,1507.41,86,129,83,46,97,0
537,0,1,0,0,1,1,1,3,35.94,2.5,224.65,0.03,23,0.4,12.48,89.86,10,13,10,5,6,0
538,0,13,0,0,7,5,7,15,20.82,11.0,2519.68,0.08,53,0.09,139.98,229.06,18,35,9,11,17,0
539,0,1,0,0,1,1,1,3,9.23,5.25,254.27,0.02,14,0.19,14.13,48.43,6,8,4,7,5,1
540,13,1,0,8,1,1,1,42,121.56,8.9,9629.08,0.36,188,0.11,534.95,1081.92,89,99,45,9,65,0
541,3,1,0,3,1,1,1,8,43.78,2.0,175.14,0.03,23,0.5,9.73,87.57,10,13,10,4,14,0
542,3,7,2,0,4,2,3,16,18.06,14.54,3817.4,0.09,53,0.07,212.08,262.57,21,32,13,18,23,1
543,6,21,0,0,11,9,10,38,32.25,23.75,18195.59,0.26,143,0.04,1010.87,766.13,55,88,22,19,46,0
544,24,22,10,42,12,11,9,90,58.17,44.44,114869.15,0.86,415,0.02,6381.62,2584.96,158,257,48,27,168,0
545,0,3,0,0,2,1,1,2,6.64,5.25,183.06,0.01,11,0.19,10.17,34.87,3,8,2,7,4,0
546,0,3,0,0,2,2,1,11,29.96,6.43,1237.94,0.06,42,0.16,68.77,192.57,18,24,14,10,13,0
547,15,24,7,25,13,8,1,81,44.74,35.94,57786.5,0.54,267,0.03,3210.36,1607.97,115,152,40,25,130,1
548,1,1,0,0,1,1,1,4,12.8,4.2,225.85,0.02,15,0.24,12.55,53.77,6,9,5,7,7,0
549,21,75,0,0,38,7,9,136,71.84,46.47,155154.34,1.11,536,0.02,8619.69,3338.65,239,297,54,21,161,0
550,3,1,0,0,1,1,1,11,22.69,11.4,2948.58,0.09,58,0.09,163.81,258.64,19,39,10,12,17,0
551,0,3,0,0,2,2,1,10,52.25,4.6,1105.69,0.08,50,0.22,61.43,240.37,23,27,20,8,12,0
552,3,31,0,6,16,5,13,32,48.29,55.39,148186.3,0.89,474,0.02,8232.57,2675.19,141,333,28,22,44,1
553,2,3,0,8,2,2,1,8,13.66,4.2,240.91,0.02,16,0.24,13.38,57.36,6,10,5,7,18,1
554,3,9,0,0,5,3,1,19,21.93,19.2,8085.25,0.14,85,0.05,449.18,421.11,36,49,15,16,24,0
555,65,45,0,96,23,6,14,120,21.22,143.69,438109.78,1.02,581,0.01,24339.43,3049.05,209,372,16,22,284,0
556,1,7,1,0,4,1,4,16,9.61,15.4,2279.2,0.05,37,0.06,126.62,148.0,14,23,5,11,20,0
557,0,3,0,0,2,1,1,9,15.6,2.5,97.5,0.01,13,0.4,5.42,39.0,3,10,3,5,11,0
558,21,1,1,9,1,1,1,77,75.64,39.48,117903.64,1.0,565,0.03,6550.2,2986.25,201,364,28,11,110,0
559,2,7,0,0,4,4,3,11,27.14,10.56,3027.43,0.1,59,0.09,168.19,286.62,26,33,16,13,15,0
560,1,1,0,0,1,1,1,5,10.87,8.25,739.96,0.03,27,0.12,41.11,89.69,11,16,4,6,8,0
561,17,5,0,2,3,1,1,112,171.1,22.34,85352.91,1.27,568,0.04,4741.83,3821.46,271,297,91,15,133,1
562,2,1,0,0,1,1,1,4,15.26,6.29,602.85,0.03,23,0.16,33.49,95.91,8,15,7,11,8,0
563,0,1,0,1,1,1,1,2,5.33,1.5,12.0,0.0,4,0.67,0.67,8.0,1,3,1,3,5,0
564,7,3,0,0,2,1,1,25,54.85,9.31,4751.82,0.17,98,0.11,263.99,510.53,44,54,26,11,34,0
565,7,17,2,11,9,4,6,42,36.94,22.61,18880.38,0.28,158,0.04,1048.91,835.09,65,93,23,16,62,0
566,11,5,0,6,3,3,1,71,127.21,28.37,102418.72,1.2,556,0.04,5689.93,3609.47,227,329,72,18,92,1
567,30,45,0,0,23,15,18,113,23.67,100.59,239472.44,0.79,457,0.01,13304.02,2380.72,171,286,17,20,145,0
568,8,17,0,1,9,5,1,39,27.07,28.0,21224.89,0.25,149,0.04,1179.16,758.03,63,86,18,16,50,0
569,5,6,1,0,5,1,1,18,23.28,10.05,2348.96,0.08,51,0.1,130.5,233.83,17,34,11,13,26,0
570,18,25,0,7,13,10,1,119,25.77,112.64,326989.18,0.97,535,0.01,18166.07,2903.05,236,299,22,21,147,0
571,0,1,0,0,1,1,1,6,30.91,4.36,588.59,0.04,33,0.23,32.7,134.89,16,17,11,6,6,0
572,0,33,0,0,17,1,13,8,96.32,35.04,118274.66,1.13,630,0.03,6570.81,3375.26,29,601,12,29,8,0
573,1,3,0,0,2,2,1,9,29.3,7.0,1435.94,0.07,46,0.14,79.77,205.13,14,32,11,11,13,0
574,4,23,0,5,12,7,12,46,40.26,32.0,41229.63,0.43,236,0.03,2290.53,1288.43,112,124,28,16,56,0
575,1,1,0,0,1,1,1,8,21.37,8.0,1367.74,0.06,41,0.13,75.99,170.97,16,25,9,9,12,0
576,7,9,0,0,5,3,1,29,35.85,22.41,18003.04,0.27,152,0.04,1000.17,803.38,58,94,22,17,38,0
577,1,11,0,0,6,3,5,9,30.07,22.5,15224.23,0.23,133,0.04,845.79,676.63,40,93,16,18,12,0
578,19,1,0,9,1,1,1,53,102.4,24.15,59731.84,0.82,424,0.04,3318.44,2473.15,202,222,46,11,84,0
579,4,5,0,1,3,3,1,14,37.81,7.53,2141.99,0.09,58,0.13,119.0,284.6,26,32,19,11,21,0
580,55,13,0,4,7,5,5,43,46.28,31.62,46271.52,0.49,243,0.03,2570.64,1463.44,89,154,38,27,104,0
581,4,9,0,1,5,2,3,23,27.53,15.21,6369.62,0.14,81,0.07,353.87,418.76,34,47,19,17,30,0
582,13,3,0,7,2,2,1,23,65.12,9.11,5400.68,0.2,113,0.11,300.04,593.02,51,62,28,10,46,1
583,2,7,0,0,4,1,4,8,15.63,7.5,879.05,0.04,30,0.13,48.84,117.21,10,20,6,9,12,0
584,4,13,0,6,7,4,6,31,34.93,24.55,21044.74,0.29,159,0.04,1169.15,857.38,54,105,22,20,43,0
585,1,5,0,0,3,1,3,7,11.35,9.17,953.33,0.03,26,0.11,52.96,104.0,11,15,6,10,10,0
586,5,3,0,1,2,2,1,19,49.25,12.91,8211.83,0.21,125,0.08,456.21,635.93,54,71,23,11,27,0
587,4,5,0,2,3,3,1,18,23.32,11.67,3173.63,0.09,61,0.09,176.31,272.03,28,33,12,10,26,0
588,2,3,0,0,2,2,1,7,20.12,7.11,1017.32,0.05,35,0.14,56.52,143.06,16,19,9,8,11,0
589,9,11,0,1,6,4,4,61,42.0,35.83,53931.11,0.5,249,0.03,2996.17,1505.05,86,163,36,30,74,0
590,5,1,0,0,1,1,1,19,67.0,10.17,6925.6,0.23,128,0.1,384.76,681.21,61,67,30,10,26,0
591,3,3,0,0,2,1,1,7,14.69,4.67,319.82,0.02,18,0.21,17.77,68.53,7,11,6,8,12,0
592,11,43,4,32,22,1,7,67,30.11,80.29,194151.18,0.81,403,0.01,10786.18,2418.0,182,221,34,30,114,0
593,0,5,0,0,3,1,3,6,12.6,6.67,560.0,0.03,21,0.15,31.11,84.0,8,13,6,10,8,0
594,1,13,0,0,7,3,7,18,29.01,13.93,5632.38,0.13,86,0.07,312.91,404.24,38,48,15,11,21,1
595,1,7,0,1,4,1,4,14,18.59,14.25,3775.85,0.09,54,0.07,209.77,264.97,19,35,12,18,18,0
596,7,11,0,1,6,3,6,24,17.66,30.0,15889.84,0.18,105,0.03,882.77,529.66,39,66,13,20,34,1
597,5,1,0,2,1,1,1,21,60.6,11.35,7801.62,0.23,133,0.09,433.42,687.6,59,74,26,10,30,0
598,3,7,1,4,4,1,3,14,11.24,16.25,2968.24,0.06,43,0.06,164.9,182.66,15,28,6,13,25,0
599,11,37,3,12,19,5,10,52,20.88,49.33,50810.01,0.34,191,0.02,2822.78,1029.93,74,117,18,24,82,0
600,5,3,0,2,2,2,1,16,46.64,7.64,2719.48,0.12,70,0.13,151.08,356.12,28,42,22,12,25,0
601,1,5,0,0,3,3,1,11,23.89,9.38,2100.08,0.07,51,0.11,116.67,224.01,25,26,12,9,14,0
602,1,3,0,0,2,2,1,7,12.13,11.0,1467.81,0.04,32,0.09,81.55,133.44,14,18,7,11,11,0
603,1,9,0,0,5,2,5,10,11.26,16.0,2881.36,0.06,41,0.06,160.08,180.09,16,25,7,14,13,0
604,0,3,0,0,2,2,1,5,6.88,8.75,527.0,0.02,19,0.11,29.28,60.23,5,14,2,7,7,0
605,7,11,1,13,6,5,5,33,33.82,20.58,14323.04,0.23,126,0.05,795.72,695.97,49,77,25,21,57,0
606,1,15,0,2,8,7,8,11,26.82,9.62,2479.26,0.09,57,0.1,137.74,257.83,25,32,13,10,16,0
607,3,3,0,1,2,2,1,12,60.09,4.0,961.47,0.08,50,0.25,53.42,240.37,24,26,21,7,18,0
608,2,7,0,0,4,4,1,23,73.68,5.78,2459.78,0.14,83,0.17,136.65,425.73,39,44,27,8,25,0
609,12,7,0,2,4,4,1,41,65.37,22.93,34375.83,0.5,267,0.04,1909.77,1499.13,127,140,36,13,57,0
610,24,21,3,0,11,8,6,66,71.43,27.38,53556.22,0.65,317,0.04,2975.35,1955.87,133,184,51,21,95,0
611,5,3,0,12,2,2,1,19,26.68,15.86,6708.2,0.14,90,0.06,372.68,423.04,37,53,14,12,44,0
612,12,15,2,14,9,7,1,67,54.34,29.02,45774.99,0.53,260,0.03,2543.06,1577.18,104,156,43,24,99,1
613,16,17,1,14,9,4,5,48,37.43,30.86,35639.87,0.38,198,0.03,1979.99,1154.91,79,119,32,25,81,1
614,3,3,1,0,2,2,1,14,18.85,7.64,1099.33,0.05,31,0.13,61.07,143.96,12,19,11,14,20,0
615,0,1,0,1,1,1,1,2,0.0,0.0,0.0,0.0,3,0.0,0.0,4.75,0,3,0,3,5,0
616,5,5,0,0,3,3,1,20,22.28,11.25,2819.56,0.08,59,0.09,156.64,250.63,25,34,10,9,29,0
617,2,9,0,0,5,4,4,21,41.45,11.26,5254.23,0.16,86,0.09,291.9,466.66,38,48,27,16,25,0
618,1,7,0,0,4,4,1,18,33.35,9.18,2808.48,0.1,63,0.11,156.03,306.05,26,37,17,12,21,0
619,10,11,0,8,6,4,1,29,33.66,14.29,6868.61,0.16,93,0.07,381.59,480.8,40,53,21,15,49,0
620,3,3,0,0,2,2,1,10,28.3,7.62,1641.06,0.07,47,0.13,91.17,215.49,18,29,13,11,16,0
621,3,17,0,0,9,7,1,22,22.06,30.0,19852.51,0.22,128,0.03,1102.92,661.75,60,68,18,18,27,0
622,4,11,2,0,6,4,1,29,22.09,23.75,12459.65,0.17,104,0.04,692.2,524.62,35,69,14,19,37,0
623,0,1,0,0,1,1,1,3,21.59,2.0,86.37,0.01,13,0.5,4.8,43.19,6,7,6,4,7,0
624,59,45,0,8,23,15,4,203,54.34,120.53,789353.69,2.18,1118,0.01,43852.98,6549.22,458,660,38,20,272,0
625,4,31,0,0,16,6,11,33,23.82,29.22,20339.94,0.23,138,0.03,1130.0,696.13,55,83,16,17,40,0
626,0,3,0,0,2,1,1,9,9.11,5.83,310.05,0.02,16,0.17,17.22,53.15,5,11,3,7,11,0
627,0,13,0,0,7,2,3,22,27.56,10.62,3105.67,0.1,63,0.09,172.54,292.56,23,40,13,12,24,0
628,0,3,0,0,2,1,1,5,13.2,2.5,82.5,0.01,11,0.4,4.58,33.0,5,6,4,4,7,0
629,9,13,0,11,7,7,6,32,37.28,20.89,16271.82,0.26,141,0.05,903.99,778.82,65,76,28,18,54,0
630,1,3,0,0,2,1,1,12,22.84,4.5,462.59,0.03,27,0.22,25.7,102.8,9,18,7,7,15,0
631,2,5,0,0,3,1,3,10,10.84,10.0,1084.18,0.04,26,0.1,60.23,108.42,10,16,6,12,14,0
632,3,1,0,0,1,1,1,6,13.44,8.33,933.33,0.04,28,0.12,51.85,112.0,10,18,6,10,11,1
633,1,3,0,0,2,2,1,4,12.44,6.43,514.28,0.03,20,0.16,28.57,80.0,10,10,7,9,7,0
634,4,3,0,0,2,2,1,12,25.27,12.83,4162.24,0.11,69,0.08,231.24,324.33,22,47,12,14,18,0
635,5,13,0,2,7,2,1,21,26.8,19.56,10247.28,0.17,103,0.05,569.29,524.01,44,59,18,16,30,0
636,12,19,0,30,10,4,6,52,45.3,27.18,33458.55,0.41,212,0.04,1858.81,1231.16,84,128,34,22,96,1
637,10,29,0,12,15,10,14,73,99.05,28.74,81820.29,0.95,424,0.03,4545.57,2846.84,194,230,81,24,95,0
638,8,6,0,0,5,2,1,35,28.32,13.22,4950.9,0.12,73,0.08,275.05,374.44,28,45,18,17,45,0
639,4,19,0,0,10,3,6,19,20.3,24.89,12579.06,0.17,102,0.04,698.84,505.33,41,61,14,17,25,0
640,4,7,0,0,4,3,1,24,30.87,21.91,14824.86,0.23,128,0.05,823.6,676.53,63,65,23,16,30,0
641,0,1,0,0,1,1,1,9,8.0,20.0,3200.38,0.05,57,0.05,177.8,160.02,16,41,2,5,11,0
642,7,3,0,3,2,1,1,33,47.93,14.13,9569.98,0.23,131,0.07,531.67,677.26,50,81,23,13,47,0
643,2,7,0,0,6,2,1,16,30.62,7.93,1927.0,0.08,50,0.13,107.06,242.9,17,33,15,14,20,0
644,1,25,0,1,13,11,13,33,46.61,12.8,7635.77,0.2,108,0.08,424.21,596.54,48,60,30,16,37,0
645,10,111,2,28,56,24,53,165,71.4,59.07,249113.14,1.41,675,0.02,13839.62,4217.35,241,434,51,25,208,0
646,2,1,0,0,1,1,1,14,21.82,3.3,237.6,0.02,18,0.3,13.2,72.0,11,7,10,6,18,1
647,0,1,0,0,1,1,1,3,16.14,3.0,145.3,0.02,14,0.33,8.07,48.43,5,9,5,6,5,0
648,5,9,0,1,5,4,1,29,26.83,11.88,3783.11,0.11,67,0.08,210.17,318.58,19,48,12,15,37,1
649,0,5,0,0,3,2,1,11,9.56,17.33,2871.6,0.06,39,0.06,159.53,165.67,16,23,6,13,11,0
650,0,1,0,0,1,1,1,6,13.69,4.8,315.5,0.02,19,0.21,17.53,65.73,8,11,5,6,8,1
651,0,1,0,0,1,1,1,2,6.18,5.0,154.4,0.01,11,0.2,8.58,30.88,4,7,2,5,4,0
652,1,1,0,0,1,1,1,6,12.55,10.83,1473.33,0.05,34,0.09,81.85,136.0,13,21,6,10,10,0
653,3,3,0,0,2,2,1,16,16.23,14.58,3453.74,0.08,64,0.07,191.87,236.83,25,39,6,7,21,0
654,7,7,0,0,4,2,3,18,23.08,17.6,7149.9,0.14,82,0.06,397.22,406.24,33,49,15,16,27,1
655,5,7,0,2,4,3,1,31,43.79,21.0,19312.86,0.31,174,0.05,1072.94,919.66,84,90,26,13,41,0
656,7,83,20,5,42,25,27,148,79.97,65.26,340687.48,1.74,779,0.02,18927.08,5219.64,322,457,74,30,182,1
657,1,11,0,0,6,4,1,32,36.61,17.64,11390.6,0.22,119,0.06,632.81,645.73,49,70,25,18,35,1
658,1,9,0,0,5,4,1,23,27.1,17.5,8298.03,0.16,94,0.06,461.0,474.17,42,52,18,15,26,0
659,4,5,0,0,3,3,1,16,36.8,8.67,2764.22,0.11,65,0.12,153.57,318.95,26,39,18,12,22,0
660,1,1,0,0,1,1,1,5,15.41,4.08,256.87,0.02,17,0.24,14.27,62.91,7,10,6,7,8,0
661,4,25,5,3,13,7,12,34,35.06,23.18,18839.28,0.27,156,0.04,1046.63,812.67,68,88,22,15,48,0
662,0,1,0,0,1,1,1,0,0.0,0.0,0.0,0.0,1,0.0,0.0,0.0,0,1,0,1,1,0
663,2,1,0,0,1,1,1,3,13.29,3.0,119.59,0.01,12,0.33,6.64,39.86,4,8,4,6,7,0
664,3,3,0,0,2,1,1,11,11.7,13.6,2164.02,0.05,43,0.07,120.22,159.12,17,26,5,8,17,0
665,2,11,0,0,6,2,1,36,23.15,31.27,22632.04,0.24,149,0.03,1257.34,723.84,67,82,15,14,38,0
666,0,3,0,0,2,2,1,4,17.99,2.5,112.43,0.01,13,0.4,6.25,44.97,6,7,6,5,6,0
667,4,13,0,0,7,3,1,51,47.57,13.2,8289.44,0.21,118,0.08,460.52,627.99,44,74,25,15,55,0
668,5,19,0,0,10,4,5,35,29.99,25.0,18746.74,0.25,135,0.04,1041.49,749.87,44,91,22,25,42,0
669,6,13,0,5,7,5,5,25,33.02,20.83,14320.27,0.23,132,0.05,795.57,687.65,49,83,20,17,39,1
670,4,11,1,0,6,3,6,19,19.77,10.0,1976.54,0.07,45,0.1,109.81,197.65,15,30,9,12,26,0
671,2,3,0,0,2,2,1,17,38.07,6.94,1836.14,0.09,55,0.14,102.01,264.4,25,30,18,10,21,0
672,3,5,0,2,3,3,1,10,19.5,12.92,3256.73,0.08,53,0.08,180.93,252.01,24,29,13,14,17,0
673,8,5,0,4,3,2,1,33,55.9,14.95,12492.89,0.28,154,0.07,694.05,835.64,69,85,30,13,53,1
674,1,5,0,0,3,1,3,10,9.45,11.0,1144.0,0.03,26,0.09,63.56,104.0,10,16,5,11,13,0
675,4,19,6,2,10,7,1,40,22.94,52.66,63604.37,0.4,224,0.02,3533.58,1207.88,87,137,19,23,54,0
676,19,11,1,12,6,4,5,59,58.28,29.51,50758.43,0.57,290,0.03,2819.91,1719.91,121,169,41,20,93,0
677,5,11,0,0,6,5,4,24,23.82,22.63,12200.93,0.18,102,0.04,677.83,539.11,43,59,19,20,31,0
678,1,5,0,1,3,2,1,10,13.3,6.3,527.7,0.03,22,0.16,29.32,83.76,7,15,5,9,14,1
679,6,1,0,1,1,1,1,11,35.71,7.75,2144.55,0.09,63,0.13,119.14,276.72,31,32,14,7,20,0
680,10,9,0,4,5,5,1,48,67.34,17.47,20554.47,0.39,213,0.06,1141.92,1176.52,99,114,34,12,64,0
681,4,3,0,0,2,2,1,16,34.98,9.17,2939.08,0.11,66,0.11,163.28,320.63,30,36,18,11,22,1
682,11,23,4,15,12,8,1,50,35.01,37.74,49858.98,0.44,245,0.03,2769.94,1321.12,111,134,25,17,82,0
683,20,21,0,10,11,6,5,125,73.9,38.99,112344.29,0.96,475,0.03,6241.35,2881.39,197,278,48,19,157,0
684,32,189,7,33,95,63,19,428,97.55,110.46,1190340.29,3.59,1644,0.01,66130.02,10775.74,682,962,71,23,502,1
685,0,3,0,0,2,2,1,5,4.87,13.5,887.34,0.02,19,0.07,49.3,65.73,6,13,2,9,7,0
686,6,1,0,0,1,1,1,6,21.5,7.15,1099.18,0.05,35,0.14,61.07,153.73,13,22,10,11,15,0
687,6,9,3,2,5,3,1,28,30.2,19.0,10903.37,0.19,111,0.05,605.74,573.86,38,73,18,18,41,1
688,6,15,0,8,8,6,5,50,57.71,30.78,54690.97,0.59,295,0.03,3038.39,1776.6,129,166,44,21,64,0
689,1,5,0,0,3,1,3,9,8.11,11.25,1027.99,0.03,24,0.09,57.11,91.38,9,15,4,10,12,0
690,2,9,0,2,5,2,5,24,35.84,12.53,5623.7,0.15,89,0.08,312.43,448.95,34,55,19,14,31,0
691,7,1,0,6,1,1,1,13,37.89,9.84,3670.35,0.12,76,0.1,203.91,372.92,34,42,19,11,28,0
692,1,9,0,1,5,1,1,21,36.37,14.75,7912.5,0.18,117,0.07,439.58,536.44,59,58,16,8,25,0
693,2,3,0,1,2,2,1,5,17.3,3.0,155.67,0.02,15,0.33,8.65,51.89,5,10,5,6,10,0
694,1,23,0,0,12,11,11,25,32.4,20.57,13717.23,0.22,128,0.05,762.07,666.81,54,74,21,16,28,0
695,5,11,0,3,6,3,1,16,12.01,28.79,9952.78,0.12,80,0.03,552.93,345.75,31,49,7,13,26,0
696,2,7,0,0,4,4,1,12,37.66,8.57,2767.21,0.11,64,0.12,153.73,322.84,30,34,21,12,16,0
697,0,3,0,0,2,2,1,13,31.35,6.65,1386.26,0.07,51,0.15,77.01,208.46,19,32,10,7,15,0
698,2,9,0,0,5,1,5,12,10.88,18.67,3791.77,0.07,47,0.05,210.65,203.13,16,31,6,14,16,0
699,0,1,0,0,1,1,1,2,7.4,5.83,251.91,0.01,13,0.17,14.0,43.19,5,8,3,7,4,0
700,2,5,0,3,3,2,3,13,14.18,12.44,2196.03,0.06,38,0.08,122.0,176.47,14,24,9,16,18,0
701,5,13,1,0,7,4,5,36,24.62,33.45,27559.12,0.27,150,0.03,1531.06,823.78,64,86,22,23,42,0
702,0,1,0,0,1,1,1,5,29.09,3.3,316.8,0.03,24,0.3,17.6,96.0,11,13,10,6,7,0
703,19,11,0,0,6,5,1,62,51.13,28.99,42961.01,0.49,253,0.03,2386.72,1482.07,119,134,39,19,83,0
704,12,19,0,39,10,5,1,79,39.43,35.93,50886.21,0.47,255,0.03,2827.01,1416.42,97,158,27,20,133,1
705,46,106,0,54,57,21,36,277,72.85,120.09,1050455.77,2.92,1215,0.01,58358.65,8747.6,511,704,100,47,379,0
706,1,15,0,0,8,7,1,54,60.45,20.77,26082.67,0.42,207,0.05,1449.04,1255.68,91,116,46,21,58,0
707,1,1,0,9,1,1,1,5,19.93,2.67,141.74,0.02,16,0.38,7.87,53.15,8,8,6,4,17,0
708,10,9,1,3,5,5,1,45,65.89,15.6,16035.27,0.34,177,0.06,890.85,1027.9,78,99,40,16,61,0
709,0,7,0,0,6,5,1,35,30.65,18.13,10080.24,0.19,99,0.06,560.01,555.86,41,58,26,23,35,0
710,3,1,0,0,1,1,1,8,17.17,10.0,1716.73,0.06,42,0.1,95.37,171.67,14,28,7,10,14,0
711,4,15,0,8,8,4,5,29,30.14,22.82,15688.14,0.23,133,0.04,871.56,687.6,51,82,19,17,43,0
712,3,14,0,2,8,4,1,32,46.31,12.69,7456.8,0.2,107,0.08,414.27,587.63,46,61,29,16,39,0
713,16,21,0,41,11,7,1,64,57.92,28.25,46222.9,0.55,277,0.04,2567.94,1636.21,113,164,40,20,123,0
714,1,5,0,0,3,2,1,9,16.97,8.8,1314.18,0.05,34,0.11,73.01,149.34,16,18,10,11,12,0
715,1,17,1,0,9,4,8,24,12.37,32.5,13063.03,0.13,93,0.03,725.72,401.94,35,58,7,13,30,0
716,2,7,0,0,4,3,1,13,15.58,7.33,837.62,0.04,30,0.14,46.53,114.22,11,19,6,8,17,0
717,1,1,0,0,1,1,1,4,13.32,3.5,163.12,0.02,13,0.29,9.06,46.6,5,8,5,7,7,0
718,2,15,1,0,8,5,6,31,35.8,12.93,5988.9,0.15,87,0.08,332.72,463.01,35,52,23,17,36,0
719,3,4,1,0,3,3,1,17,31.16,10.15,3212.3,0.11,69,0.1,178.46,316.36,24,45,13,11,23,0
720,4,3,0,0,2,1,1,8,14.3,7.0,700.55,0.03,24,0.14,38.92,100.08,7,17,6,12,14,0
721,11,55,1,11,28,22,14,116,44.77,49.79,110976.25,0.74,391,0.02,6165.35,2228.87,147,244,31,21,141,0
722,7,15,0,10,8,7,4,58,70.25,27.53,53255.14,0.64,320,0.04,2958.62,1934.21,118,202,45,21,77,0
723,3,11,0,4,6,4,5,54,50.11,25.15,31688.88,0.42,220,0.04,1760.49,1260.14,90,130,34,19,64,0
724,2,3,0,0,2,1,1,7,14.3,6.29,564.82,0.03,23,0.16,31.38,89.86,11,12,7,8,11,0
725,5,9,0,0,5,5,1,38,41.21,14.33,8467.19,0.2,111,0.07,470.4,590.73,43,68,24,16,46,0
726,7,9,0,0,5,3,4,33,44.35,17.28,13248.25,0.26,138,0.06,736.01,766.53,61,77,30,17,42,0
727,5,17,0,9,9,7,5,19,41.98,26.21,28833.81,0.37,197,0.04,1601.88,1100.24,80,117,29,19,35,0
728,0,1,0,0,1,1,1,2,6.97,2.0,27.86,0.0,6,0.5,1.55,13.93,1,5,1,4,4,0
729,3,11,0,9,6,4,5,10,25.6,14.86,5651.52,0.13,80,0.07,313.97,380.39,32,48,14,13,24,0
730,4,3,0,0,2,2,1,18,38.9,12.1,5694.85,0.16,95,0.08,316.38,470.65,44,51,20,11,24,0
731,3,9,0,4,5,2,3,11,13.31,12.57,2104.1,0.06,37,0.08,116.89,167.37,11,26,7,16,20,0
732,4,11,0,2,6,3,1,15,25.28,7.13,1283.11,0.06,41,0.14,71.28,180.09,19,22,12,9,23,1
733,6,1,0,0,1,1,1,14,37.93,7.19,1959.5,0.09,58,0.14,108.86,272.63,23,35,16,10,22,0
734,3,9,0,0,5,1,5,14,11.21,16.0,2868.91,0.06,43,0.06,159.38,179.31,16,27,6,12,17,0
735,16,3,1,1,2,2,1,7,11.99,6.67,533.03,0.03,21,0.15,29.61,79.95,10,11,6,8,27,0
736,6,7,0,4,4,4,1,24,42.16,16.55,11541.82,0.23,136,0.06,641.21,697.58,56,80,22,13,38,0
737,1,9,0,0,5,2,5,12,10.49,21.86,5010.71,0.08,50,0.05,278.37,229.25,18,32,7,17,13,0
738,4,3,1,0,2,2,1,18,43.79,6.47,1832.44,0.09,61,0.15,101.8,283.28,23,38,16,9,26,0
739,0,5,0,0,3,3,1,13,18.24,4.67,397.18,0.03,23,0.21,22.07,85.11,8,15,6,7,15,1
740,13,27,0,0,14,13,5,73,60.57,26.0,40946.89,0.52,270,0.04,2274.83,1574.88,104,166,38,19,88,0
741,6,3,0,0,2,2,1,31,94.53,5.65,3014.62,0.18,99,0.18,167.48,533.84,48,51,34,8,39,0
742,43,1,0,0,1,1,1,60,559.62,4.93,13602.7,0.92,425,0.2,755.71,2759.04,212,213,86,4,105,0
743,9,19,1,11,10,9,9,41,52.62,23.5,29059.46,0.41,212,0.04,1614.41,1236.57,94,118,38,19,64,0
744,3,3,0,0,2,2,1,18,19.72,10.0,1971.73,0.07,55,0.1,109.54,197.17,20,35,6,6,23,0
745,25,31,0,22,17,16,1,122,49.89,56.45,159008.98,0.94,458,0.02,8833.83,2816.58,184,274,44,27,171,1
746,0,7,0,4,4,3,3,16,32.58,8.41,2304.99,0.09,57,0.12,128.05,274.02,26,31,17,11,22,0
747,3,5,0,2,3,2,1,14,20.69,8.89,1634.99,0.06,45,0.11,90.83,183.94,20,25,9,8,21,0
748,3,5,0,2,3,1,1,7,10.26,8.0,656.36,0.03,21,0.13,36.46,82.04,8,13,5,10,14,1
749,5,7,1,1,4,3,4,22,29.98,17.1,8766.9,0.17,97,0.06,487.05,512.67,36,61,20,19,31,0
750,4,3,0,0,2,2,1,12,20.88,9.75,1984.71,0.07,45,0.1,110.26,203.56,15,30,10,13,19,0
751,12,5,1,11,3,1,1,23,58.18,19.5,22122.46,0.38,200,0.05,1229.03,1134.49,78,122,34,17,50,0
752,5,3,0,0,2,2,1,11,18.87,7.07,943.59,0.04,32,0.14,52.42,133.44,9,23,7,11,18,0
753,1,5,0,0,3,3,1,11,25.1,10.23,2626.89,0.09,54,0.1,145.94,256.76,19,35,13,14,14,0
754,14,41,4,7,21,13,6,77,36.39,49.34,88588.88,0.6,312,0.02,4921.6,1795.52,133,179,31,23,105,0
755,17,17,0,9,9,6,4,78,79.42,28.09,62666.87,0.74,349,0.04,3481.49,2230.92,149,200,61,23,106,1
756,4,13,0,13,7,6,1,57,26.74,51.75,71619.26,0.46,252,0.02,3978.85,1383.95,99,153,22,23,74,1
757,1,7,0,0,4,2,1,6,12.33,4.8,284.19,0.02,16,0.21,15.79,59.21,6,10,5,8,9,0
758,1,9,0,0,5,3,3,8,14.42,9.75,1370.4,0.05,32,0.1,76.13,140.55,12,20,8,13,11,0
759,8,19,0,6,10,9,8,46,40.53,18.24,13485.6,0.25,138,0.05,749.2,739.34,57,81,25,16,62,0
760,35,29,5,60,15,13,7,154,127.35,40.05,204237.6,1.7,755,0.02,11346.53,5099.94,296,459,85,23,256,1
761,1,3,0,0,2,2,1,4,10.4,8.25,708.15,0.03,21,0.12,39.34,85.84,9,12,6,11,7,0
762,8,9,1,5,5,4,1,23,31.64,18.28,10567.51,0.19,111,0.05,587.08,578.25,43,68,20,17,39,0
763,4,5,0,2,3,2,1,19,34.97,14.0,6854.64,0.16,92,0.07,380.81,489.62,42,50,24,16,28,0
764,7,9,0,18,5,4,3,37,49.2,30.02,44323.13,0.49,263,0.03,2462.4,1476.67,113,150,32,17,65,0
765,3,13,0,2,8,1,1,28,11.58,37.29,16102.9,0.14,93,0.03,894.61,431.88,29,64,7,18,35,0
766,1,7,0,1,4,2,4,17,14.25,19.56,5448.79,0.09,60,0.05,302.71,278.63,22,38,9,16,22,0
767,0,5,0,0,3,2,1,13,17.84,7.33,959.19,0.04,32,0.14,53.29,130.8,8,24,6,11,15,0
768,2,1,0,3,1,1,1,7,38.85,2.0,155.42,0.03,21,0.5,8.63,77.71,9,12,9,4,12,0
769,88,53,0,51,27,15,17,329,258.56,46.27,553655.03,3.99,1579,0.02,30758.61,11964.76,676,903,168,23,470,1
770,3,7,0,0,4,2,1,13,20.37,7.0,998.37,0.05,33,0.14,55.46,142.62,14,19,10,10,18,0
771,3,1,0,0,1,1,1,12,57.51,4.26,1046.0,0.08,55,0.23,58.11,245.27,29,26,17,5,17,0
772,4,1,2,0,1,1,1,17,74.53,8.79,5762.91,0.22,124,0.11,320.16,655.39,51,73,29,10,25,0
773,4,3,0,0,2,2,1,10,18.4,6.0,662.48,0.04,29,0.17,36.8,110.41,12,17,7,7,16,0
774,0,1,0,1,1,1,1,3,10.63,3.75,149.49,0.01,12,0.27,8.3,39.86,5,7,4,6,7,0
775,9,1,0,0,1,1,1,9,19.86,12.14,2928.38,0.08,59,0.08,162.69,241.16,17,42,7,10,20,0
776,1,19,5,0,10,10,1,50,43.96,23.82,24952.52,0.35,182,0.04,1386.25,1047.39,81,101,34,20,58,1
777,4,3,1,14,2,2,1,3,10.28,4.38,196.76,0.01,13,0.23,10.93,44.97,5,8,4,7,24,0
778,2,15,0,0,8,2,7,15,38.96,8.29,2674.97,0.11,64,0.12,148.61,322.84,29,35,21,12,19,0
779,9,11,1,1,6,5,1,37,46.53,17.33,13978.29,0.27,146,0.06,776.57,806.44,65,81,30,16,50,0
780,3,5,0,3,3,3,1,24,57.38,6.1,2131.96,0.12,72,0.16,118.44,349.77,32,40,21,8,32,0
781,5,5,2,0,3,3,1,19,34.15,9.75,3246.07,0.11,66,0.1,180.34,332.93,30,36,20,13,28,0
782,4,3,10,0,2,2,1,45,59.09,28.02,46380.9,0.55,307,0.04,2576.72,1655.44,125,182,29,13,61,0
783,1,3,0,0,2,1,1,4,15.36,3.5,188.21,0.02,15,0.29,10.46,53.77,5,10,5,7,7,0
784,219,59,0,74,30,22,24,212,78.6,71.33,399935.95,1.87,892,0.01,22218.66,5606.58,321,571,54,24,507,0
785,6,7,0,0,4,3,1,22,32.91,13.33,5851.5,0.15,87,0.08,325.08,438.86,32,55,18,15,31,0
786,1,3,0,0,2,2,1,6,11.17,7.5,628.21,0.03,22,0.13,34.9,83.76,6,16,4,10,9,0
787,15,11,3,10,8,4,1,44,44.48,19.67,17204.35,0.29,155,0.05,955.8,874.8,59,96,30,20,74,0
788,0,5,0,0,3,3,1,17,34.71,5.18,931.94,0.06,44,0.19,51.77,179.85,19,25,11,6,19,0
789,0,1,0,0,1,1,1,9,29.5,6.65,1304.72,0.07,48,0.15,72.48,196.2,19,29,10,7,11,0
790,5,9,1,4,5,2,1,15,32.07,16.36,8587.52,0.17,100,0.06,477.08,524.79,45,55,22,16,27,0
791,9,7,2,19,4,3,3,20,24.16,13.13,4161.52,0.11,64,0.08,231.2,317.07,28,36,16,15,52,1
792,29,17,0,13,9,1,7,140,129.78,35.93,167499.82,1.55,693,0.03,9305.55,4662.45,329,364,87,19,184,1
793,2,3,0,0,2,2,1,6,17.86,5.69,577.73,0.03,26,0.18,32.1,101.58,13,13,8,7,10,0
794,40,22,6,16,12,9,1,109,61.91,48.57,146033.38,1.0,477,0.02,8112.97,3006.9,198,279,53,26,173,0
795,3,17,0,2,9,4,9,17,17.57,26.25,12107.75,0.15,94,0.04,672.65,461.25,35,59,12,18,25,0
796,2,1,0,0,1,1,1,9,11.9,14.4,2467.17,0.06,45,0.07,137.06,171.33,16,29,5,9,13,1
797,27,17,1,16,9,5,7,44,27.23,30.5,25327.71,0.28,154,0.03,1407.1,830.42,61,93,21,21,93,0
798,8,7,0,0,4,3,1,29,48.25,11.5,6381.16,0.18,110,0.09,354.51,554.88,46,64,22,11,39,0
799,3,9,0,0,5,4,4,22,41.45,11.26,5254.23,0.16,86,0.09,291.9,466.66,38,48,27,16,27,0
800,2,11,3,0,6,3,6,10,35.47,11.92,5036.51,0.14,87,0.08,279.81,422.64,39,48,18,11,17,0
801,10,15,0,17,8,6,7,37,54.99,14.17,11035.79,0.26,136,0.07,613.1,779.0,60,76,36,17,66,0
802,4,9,0,0,5,2,5,7,10.54,16.25,2783.63,0.06,39,0.06,154.65,171.3,13,26,6,15,13,0
803,4,1,0,0,1,1,1,6,21.27,7.11,1075.46,0.05,37,0.14,59.75,151.24,16,21,9,8,20,0
804,2,3,0,1,2,2,1,6,30.67,3.0,276.0,0.03,23,0.33,15.33,92.0,10,13,10,6,11,0
805,14,61,6,12,31,19,22,73,79.3,25.37,51041.71,0.67,324,0.04,2835.65,2011.86,137,187,54,20,105,0
806,3,3,2,0,2,2,1,5,17.05,10.2,1773.96,0.06,39,0.1,98.55,173.92,17,22,10,12,12,0
807,3,7,0,0,4,2,1,19,15.73,14.67,3384.38,0.08,48,0.07,188.02,230.75,22,26,12,16,22,0
808,1,9,0,0,5,3,5,11,14.77,15.83,3702.36,0.08,51,0.06,205.69,233.83,19,32,9,15,14,0
809,1,7,1,0,4,3,1,23,21.05,21.27,9526.62,0.15,99,0.05,529.26,447.83,39,60,11,12,27,0
810,3,13,1,3,7,5,1,33,29.99,26.96,21794.71,0.27,149,0.04,1210.82,808.51,62,87,23,20,42,1
811,11,5,0,7,3,3,1,35,108.64,10.29,11493.95,0.37,197,0.1,638.55,1117.47,96,101,42,9,55,0
812,0,1,0,0,1,1,1,5,23.69,3.38,269.85,0.03,21,0.3,14.99,79.95,9,12,8,6,7,0
813,1,3,0,0,2,2,1,27,30.84,19.79,12079.19,0.2,119,0.05,671.07,610.38,47,72,19,16,30,1
814,6,5,0,7,3,3,1,25,39.96,9.33,3480.62,0.12,76,0.11,193.37,372.92,28,48,18,12,41,1
815,0,1,0,0,1,1,1,10,11.45,15.3,2679.62,0.06,46,0.07,148.87,175.14,17,29,5,9,13,0
816,2,3,0,0,2,1,1,10,19.1,4.5,386.78,0.03,22,0.22,21.49,85.95,6,16,6,9,15,0
817,5,5,0,1,3,2,1,7,22.81,10.96,2740.19,0.08,52,0.09,152.23,249.98,19,33,13,15,15,0
818,9,1,0,0,1,1,1,30,85.34,11.24,10787.39,0.32,170,0.09,599.3,959.46,64,106,37,13,42,0
819,14,7,0,0,4,3,4,32,44.69,18.07,14589.43,0.27,155,0.06,810.52,807.47,53,102,22,15,48,0
820,17,17,0,6,9,9,1,50,73.22,19.78,28658.69,0.48,258,0.05,1592.15,1448.6,122,136,37,12,76,0
821,4,13,0,0,7,2,7,30,15.36,25.38,9895.57,0.13,76,0.04,549.75,389.83,30,46,13,22,36,0
822,2,11,0,0,6,1,6,11,15.51,10.21,1618.53,0.05,38,0.1,89.92,158.46,13,25,7,11,15,0
823,23,73,0,42,37,6,18,170,30.81,110.38,375433.37,1.13,591,0.01,20857.41,3401.14,205,386,26,28,237,0
824,4,5,0,5,3,3,1,25,33.66,13.22,5883.89,0.15,89,0.08,326.88,445.0,34,55,18,14,36,1
825,4,3,0,0,2,2,1,16,28.17,5.95,997.14,0.06,41,0.17,55.4,167.59,17,24,10,7,22,0
826,0,1,0,1,1,1,1,4,14.88,5.25,410.22,0.03,20,0.19,22.79,78.14,7,13,6,9,5,0
827,3,3,0,0,2,1,1,8,15.92,5.5,481.63,0.03,23,0.18,26.76,87.57,11,12,7,7,13,0
828,10,43,0,46,22,8,5,97,38.24,146.61,822022.76,1.87,931,0.01,45667.93,5606.82,364,567,36,29,155,0
829,4,7,0,0,5,4,1,24,28.47,14.53,6009.28,0.14,80,0.07,333.85,413.59,26,54,17,19,30,0
830,2,5,1,0,3,1,1,12,10.05,14.0,1969.07,0.05,36,0.07,109.39,140.65,14,22,5,10,17,0
831,21,13,1,1,7,6,5,53,57.81,25.64,38010.92,0.49,252,0.04,2111.72,1482.43,100,152,39,20,78,0
832,3,7,0,0,4,3,4,36,36.22,26.54,25506.11,0.32,174,0.04,1417.01,961.1,69,105,26,20,42,0
833,1,11,0,0,6,1,6,23,11.3,43.0,20888.63,0.16,99,0.02,1160.48,485.78,43,56,10,20,26,0
834,1,11,0,0,6,2,6,13,12.61,21.25,5693.54,0.09,61,0.05,316.31,267.93,17,44,6,15,16,0
835,1,1,0,0,1,1,1,3,32.25,2.0,129.06,0.02,18,0.5,7.17,64.53,8,10,8,4,6,0
836,9,17,4,0,9,9,1,22,36.24,19.5,13780.28,0.24,147,0.05,765.57,706.68,52,95,16,12,38,0
837,18,5,0,5,3,1,1,71,76.74,49.59,188720.24,1.27,623,0.02,10484.46,3805.61,261,362,50,19,96,0
838,4,1,0,0,1,1,1,8,37.1,9.38,3260.93,0.12,74,0.11,181.16,347.83,30,44,16,10,14,1
839,2,3,0,0,2,2,1,9,18.76,4.67,408.66,0.03,23,0.21,22.7,87.57,7,16,6,8,13,0
840,6,17,0,5,9,4,5,20,32.83,16.58,9024.89,0.18,107,0.06,501.38,544.36,42,65,19,15,33,0
841,0,3,0,0,2,2,1,3,14.62,2.5,91.35,0.01,11,0.4,5.08,36.54,5,6,5,5,5,0
842,15,41,5,13,21,17,21,67,71.45,31.5,70891.35,0.75,371,0.03,3938.41,2250.52,138,233,46,21,102,1
843,2,9,0,0,5,4,1,21,46.08,11.69,6294.59,0.18,105,0.09,349.7,538.57,51,54,24,11,25,0
844,0,6,0,0,5,2,1,19,29.25,7.68,1725.82,0.07,49,0.13,95.88,224.66,13,36,11,13,21,0
845,11,57,0,32,29,3,23,68,56.21,30.79,53284.01,0.58,298,0.03,2960.22,1730.59,130,168,38,18,111,0
846,2,1,0,0,1,1,1,3,10.34,1.5,23.26,0.01,6,0.67,1.29,15.51,3,3,3,3,7,1
847,4,5,0,0,3,3,1,28,37.73,16.36,10101.99,0.21,116,0.06,561.22,617.34,40,76,22,18,34,1
848,0,3,0,0,2,1,1,12,17.51,5.0,437.84,0.03,21,0.2,24.32,87.57,8,13,8,10,14,0
849,2,7,0,0,4,3,3,14,15.93,14.17,3196.3,0.08,48,0.07,177.57,225.62,15,33,9,17,18,0
850,7,29,0,0,15,9,3,65,98.27,9.83,9502.14,0.32,177,0.1,527.9,966.32,59,118,33,11,74,0
851,4,5,0,3,3,3,1,16,13.65,11.0,1651.29,0.05,36,0.09,91.74,150.12,14,22,7,11,25,0
852,12,27,0,5,14,6,8,60,30.91,29.25,26444.87,0.3,155,0.03,1469.16,904.1,65,90,30,27,79,1
853,5,7,0,0,4,3,1,24,25.46,15.19,5872.2,0.13,76,0.07,326.23,386.65,27,49,16,18,32,0
854,6,13,0,0,7,7,5,43,33.5,20.95,14705.2,0.23,131,0.05,816.96,701.84,44,87,21,20,51,1
855,2,3,0,4,2,1,1,14,17.14,19.25,6352.46,0.11,74,0.05,352.91,330.0,22,52,8,14,24,0
856,10,47,0,6,24,9,23,71,63.74,25.23,40565.45,0.54,268,0.04,2253.64,1608.0,111,157,44,20,89,0
857,3,5,0,0,3,2,1,21,24.53,12.0,3531.87,0.1,66,0.08,196.21,294.32,24,42,11,11,26,0
858,2,7,0,1,4,1,1,11,9.43,15.6,2295.52,0.05,36,0.06,127.53,147.15,13,23,5,12,18,0
859,30,179,4,28,90,31,43,351,114.83,73.69,623616.04,2.82,1194,0.01,34645.34,8462.43,479,715,104,32,415,1
860,2,13,1,1,7,4,1,14,15.44,21.25,6971.85,0.11,69,0.05,387.33,328.09,25,44,10,17,20,0
861,6,5,0,0,3,2,1,20,40.76,12.32,6186.03,0.17,95,0.08,343.67,502.11,44,51,25,14,28,1
862,2,15,0,0,8,2,1,23,26.84,11.73,3695.17,0.1,67,0.09,205.29,314.93,32,35,15,11,27,0
863,2,7,0,1,4,1,4,11,10.91,13.0,1843.11,0.05,34,0.08,102.39,141.78,13,21,6,12,17,0
864,1,3,0,0,2,2,1,12,21.36,8.5,1542.93,0.06,42,0.12,85.72,181.52,17,25,10,10,15,0
865,2,3,0,7,2,2,1,14,42.17,4.71,937.24,0.07,46,0.21,52.07,198.81,22,24,14,6,25,1
866,3,5,2,2,3,3,1,20,26.51,15.43,6309.33,0.14,87,0.06,350.52,408.94,36,51,14,12,29,1
867,3,3,0,0,2,2,1,7,11.52,5.6,361.36,0.02,18,0.18,20.08,64.53,8,10,5,7,12,0
868,3,19,0,0,10,7,1,71,10.82,137.14,203482.74,0.49,328,0.01,11304.6,1483.73,120,208,7,16,77,0
869,17,127,10,6,64,45,61,91,86.09,52.59,238097.56,1.51,694,0.02,13227.64,4527.35,267,427,66,26,126,1
870,0,1,0,4,1,1,1,4,13.45,3.6,174.36,0.02,14,0.28,9.69,48.43,6,8,5,6,10,0
871,0,3,1,0,2,1,1,4,9.51,4.0,152.16,0.01,12,0.25,8.45,38.04,4,8,3,6,7,0
872,6,9,0,5,5,5,1,20,36.55,9.26,3136.28,0.11,69,0.11,174.24,338.58,32,37,19,11,33,0
873,5,9,0,0,5,3,4,24,12.66,30.81,12019.46,0.13,84,0.03,667.75,390.08,29,55,8,17,31,0
874,3,11,3,0,10,1,1,33,37.94,11.81,5290.82,0.15,86,0.08,293.93,448.01,31,55,21,16,41,1
875,8,39,0,36,20,2,20,53,36.42,19.0,13146.0,0.23,136,0.05,730.33,691.89,38,98,17,17,99,1
876,5,11,0,1,6,5,4,23,28.28,18.82,10014.9,0.18,100,0.05,556.38,532.19,46,54,22,18,32,0
877,5,11,0,0,6,6,1,12,13.92,16.67,3866.67,0.08,58,0.06,214.81,232.0,20,38,6,10,19,0
878,1,1,0,0,1,1,1,7,12.8,4.2,225.85,0.02,15,0.24,12.55,53.77,6,9,5,7,8,0
879,1,3,0,0,2,2,1,4,20.0,7.22,1043.09,0.05,34,0.14,57.95,144.43,13,21,9,10,7,0
880,0,15,0,0,14,1,1,31,50.87,9.5,4590.87,0.16,87,0.11,255.05,483.25,28,59,28,19,33,0
881,24,74,0,29,40,27,32,168,71.03,74.48,394039.12,1.76,751,0.01,21891.06,5290.34,288,463,87,45,224,0
882,3,1,0,1,1,1,1,4,9.47,2.67,67.38,0.01,9,0.38,3.74,25.27,4,5,3,4,10,1
883,3,5,0,0,3,3,1,13,22.25,7.7,1319.01,0.06,39,0.13,73.28,171.3,14,25,10,11,18,0
884,1,3,0,0,2,1,1,6,10.24,6.3,406.53,0.02,18,0.16,22.59,64.53,9,9,5,7,9,0
885,4,3,0,0,2,2,1,20,41.97,9.61,3874.75,0.13,78,0.1,215.26,403.25,34,44,23,13,26,1
886,1,3,0,0,2,2,1,8,23.15,6.72,1045.91,0.05,36,0.15,58.11,155.59,11,25,9,11,11,0
887,9,10,6,0,6,6,1,43,52.31,17.16,15395.56,0.3,159,0.06,855.31,897.37,61,98,32,18,60,0
888,5,1,0,0,1,1,1,11,39.2,6.92,1879.02,0.09,60,0.14,104.39,271.41,18,42,13,10,19,0
889,1,7,0,0,4,2,1,7,11.58,8.64,864.96,0.03,24,0.12,48.05,100.08,11,13,7,11,10,0
890,5,19,1,5,12,8,1,50,46.68,19.73,18164.52,0.31,160,0.05,1009.14,920.78,62,98,33,21,63,1
891,5,13,1,4,7,1,1,21,12.99,23.33,7071.84,0.1,67,0.04,392.88,303.08,30,37,9,14,33,1
892,1,5,1,0,3,3,1,17,38.14,8.1,2505.61,0.1,63,0.12,139.2,309.13,28,35,19,11,23,0
893,6,13,1,0,7,5,3,32,33.07,18.75,11627.18,0.21,115,0.05,645.95,620.12,50,65,24,18,41,1
894,1,3,0,8,2,2,1,17,22.21,15.27,5181.53,0.11,75,0.07,287.86,339.27,28,47,11,12,28,1
895,0,1,0,0,1,1,1,3,27.68,2.0,110.7,0.02,16,0.5,6.15,55.35,7,9,7,4,5,0
896,1,11,0,0,6,1,1,14,11.5,24.0,6626.77,0.09,65,0.04,368.15,276.12,28,37,7,12,17,0
897,3,3,0,0,2,2,1,24,38.24,11.0,4626.61,0.14,82,0.09,257.02,420.6,33,49,21,14,30,0
898,0,1,0,0,1,1,1,4,17.64,6.3,700.14,0.04,31,0.16,38.9,111.13,9,22,5,7,6,1
899,3,9,0,0,5,1,5,20,17.53,17.0,5066.95,0.1,62,0.06,281.5,298.06,22,40,11,17,25,0
900,5,9,0,0,5,1,5,19,20.09,15.79,5005.15,0.11,64,0.06,278.06,317.07,26,38,14,17,26,1
901,11,79,0,10,40,6,29,106,41.78,93.84,367897.01,1.31,651,0.01,20438.72,3920.56,248,403,37,28,129,0
902,1,1,0,1,1,1,1,4,21.67,1.8,70.2,0.01,13,0.56,3.9,39.0,6,7,5,3,8,0
903,2,7,0,0,4,1,1,13,11.32,11.92,1607.39,0.04,33,0.08,89.3,134.89,13,20,6,11,17,0
904,10,17,0,8,9,5,4,45,39.91,23.57,22176.04,0.31,178,0.04,1232.0,940.8,55,123,21,18,65,1
905,3,15,0,3,8,3,5,27,32.78,15.93,8315.43,0.17,94,0.06,461.97,522.13,43,51,27,20,35,0
906,9,13,0,0,7,7,3,21,45.99,16.2,12070.13,0.25,140,0.06,670.56,745.07,54,86,25,15,32,0
907,3,3,0,1,2,1,1,8,13.56,7.07,678.21,0.03,23,0.14,37.68,95.91,9,14,7,11,16,0
908,4,3,1,1,2,2,1,11,46.28,4.59,976.67,0.07,47,0.22,54.26,212.61,21,26,16,7,20,0
909,1,9,0,3,5,1,3,25,12.56,30.0,11307.84,0.13,99,0.03,628.21,376.93,24,75,4,10,32,0
910,2,5,0,1,3,3,1,10,18.8,8.18,1258.37,0.05,34,0.12,69.91,153.8,15,19,11,12,17,0
911,13,233,2,17,117,113,117,258,107.97,87.23,821500.74,3.14,1494,0.01,45638.93,9417.85,452,1042,57,22,294,1
912,9,17,0,14,9,5,4,40,28.11,18.67,9793.69,0.17,108,0.05,544.09,524.66,40,68,15,14,65,0
913,1,3,0,0,2,2,1,8,14.34,5.5,433.78,0.03,22,0.18,24.1,78.87,11,11,6,6,11,0
914,0,5,1,0,3,3,1,13,27.93,11.0,3379.12,0.1,67,0.09,187.73,307.19,22,45,12,12,16,0
915,1,3,0,0,2,2,1,7,15.5,3.0,139.52,0.02,14,0.33,7.75,46.51,4,10,4,6,10,1
916,0,6,0,0,5,1,1,18,30.41,6.11,1135.71,0.06,43,0.16,63.09,185.84,10,33,9,11,20,0
917,6,33,7,10,17,11,8,70,35.96,51.15,94089.63,0.61,333,0.02,5227.2,1839.35,133,200,26,20,95,1
918,0,1,0,0,1,1,1,6,37.0,2.0,148.02,0.02,20,0.5,8.22,74.01,9,11,9,4,8,0
919,4,7,0,0,4,2,3,11,10.03,11.0,1213.98,0.04,27,0.09,67.44,110.36,12,15,6,11,17,0
920,0,3,0,0,2,2,1,9,16.48,2.5,103.02,0.01,13,0.4,5.72,41.21,4,9,4,5,11,0
921,2,5,0,2,3,2,1,22,33.43,9.88,3264.56,0.11,68,0.1,181.36,330.34,28,40,17,12,29,0
922,0,1,0,1,1,1,1,2,5.33,1.5,12.0,0.0,4,0.67,0.67,8.0,1,3,1,3,7,0
923,6,7,0,0,5,2,1,20,30.38,11.56,4056.4,0.12,69,0.09,225.36,351.03,26,43,18,16,28,0
924,1,21,0,6,12,3,3,28,30.83,18.48,10526.44,0.19,102,0.05,584.8,569.67,34,68,23,25,37,0
925,3,5,0,0,3,3,1,15,26.02,8.0,1665.19,0.07,49,0.13,92.51,208.15,22,27,11,8,20,0
926,9,37,1,7,19,7,7,77,60.1,26.56,42382.92,0.53,267,0.04,2354.61,1595.93,123,144,44,19,94,1
927,3,9,0,3,5,3,3,27,16.85,29.29,14452.03,0.16,97,0.03,802.89,493.48,41,56,14,20,33,0
928,2,1,0,0,1,1,1,4,12.8,4.2,225.85,0.02,15,0.24,12.55,53.77,6,9,5,7,8,1
929,9,7,0,7,4,4,1,21,35.33,7.94,2227.8,0.09,59,0.13,123.77,280.54,27,32,17,10,39,0
930,1,5,0,7,3,3,1,12,21.05,6.05,770.63,0.04,29,0.17,42.81,127.38,11,18,10,11,20,0
931,1,1,0,0,1,1,1,3,9.08,5.33,258.3,0.02,14,0.19,14.35,48.43,4,10,3,8,6,0
932,21,9,0,29,5,4,1,29,26.36,15.5,6333.69,0.14,85,0.06,351.87,408.63,31,54,14,14,81,0
933,0,1,0,0,1,1,1,5,17.17,5.0,429.18,0.03,21,0.2,23.84,85.84,7,14,7,10,7,1
934,5,1,7,0,1,1,1,16,58.49,9.04,4775.74,0.18,100,0.11,265.32,528.54,46,54,28,11,30,0
935,20,5,0,13,3,3,1,29,114.59,4.94,2797.66,0.19,105,0.2,155.43,566.19,42,63,34,8,64,1
936,28,1,0,0,1,1,1,36,413.59,2.02,1704.87,0.28,137,0.49,94.71,839.71,67,70,66,4,64,1
937,0,7,0,0,4,3,1,13,24.04,13.0,4062.21,0.1,65,0.08,225.68,312.48,26,39,14,14,15,0
938,1,3,0,0,2,2,1,13,36.17,4.25,653.36,0.05,35,0.24,36.3,153.73,17,18,14,7,16,0
939,4,11,0,1,6,2,6,24,32.79,21.44,15069.64,0.23,128,0.05,837.2,702.96,49,79,24,21,32,0
940,6,7,0,6,4,4,1,23,36.59,10.15,3769.56,0.12,73,0.1,209.42,371.38,29,44,20,14,37,1
941,1,3,0,0,2,1,1,7,13.39,5.25,369.12,0.02,19,0.19,20.51,70.31,9,10,6,7,10,0
942,10,1,0,1,1,1,1,38,78.09,13.4,14021.41,0.35,204,0.07,778.97,1046.36,67,137,25,10,51,1
943,4,5,0,6,3,3,1,58,44.84,40.95,75190.73,0.61,364,0.02,4177.26,1836.16,126,238,20,13,70,0
944,7,5,0,3,3,2,1,24,35.37,15.2,8172.62,0.18,104,0.07,454.03,537.67,38,66,20,16,38,0
945,1,5,0,0,3,3,1,14,27.5,8.63,2045.72,0.08,54,0.12,113.65,237.19,23,31,12,9,17,0
946,1,3,0,0,2,2,1,10,24.38,2.5,152.36,0.02,17,0.4,8.46,60.94,7,10,7,5,13,0
947,5,9,0,0,5,4,1,25,27.33,11.07,3350.3,0.1,66,0.09,186.13,302.61,31,35,14,10,32,1
948,3,1,0,0,1,1,1,5,19.75,5.14,522.4,0.03,26,0.19,29.02,101.58,9,17,7,8,10,0
949,3,1,0,0,1,1,1,14,69.95,8.44,4979.76,0.2,117,0.12,276.65,590.19,45,72,24,9,19,0
950,0,1,0,0,1,1,1,2,21.59,2.0,86.37,0.01,13,0.5,4.8,43.19,6,7,6,4,4,0
951,1,3,0,0,2,2,1,5,21.11,7.7,1251.37,0.05,37,0.13,69.52,162.52,14,23,10,11,8,0
952,1,7,0,0,4,3,4,14,30.14,27.91,23474.8,0.28,164,0.04,1304.16,841.2,47,117,16,19,17,0
953,12,23,3,2,14,6,8,69,25.97,50.14,65286.0,0.43,217,0.02,3627.0,1302.0,78,139,28,36,89,1
954,13,11,0,0,10,2,1,58,35.85,19.0,12942.93,0.23,128,0.05,719.05,681.21,42,86,21,19,74,1
955,14,1,0,5,1,1,1,12,24.82,8.73,1890.71,0.07,51,0.11,105.04,216.64,24,27,11,8,33,1
956,2,7,0,1,4,3,4,21,27.74,13.42,4995.78,0.12,72,0.07,277.54,372.23,30,42,19,17,26,0
957,4,13,0,2,7,5,6,38,34.33,9.33,2990.64,0.11,69,0.11,166.15,320.43,28,41,15,10,46,0
958,2,1,0,0,1,1,1,5,14.17,3.75,199.32,0.02,16,0.27,11.07,53.15,5,11,4,6,9,0
959,2,11,0,1,6,6,6,14,13.27,18.75,4664.92,0.08,55,0.05,259.16,248.8,20,35,8,15,19,0
960,8,38,0,18,21,20,1,115,51.67,43.42,97414.98,0.75,383,0.02,5411.94,2243.61,153,230,37,21,145,0
961,16,7,0,3,4,4,1,23,34.28,17.58,10589.57,0.2,114,0.06,588.31,602.54,37,77,20,19,44,1
962,4,7,0,0,4,2,1,15,28.52,10.32,3039.39,0.1,60,0.1,168.85,294.41,27,33,17,13,21,0
963,1,3,0,0,2,2,1,13,36.8,7.33,1979.11,0.09,55,0.14,109.95,269.88,22,33,18,12,17,0
964,1,3,0,0,2,1,1,4,14.0,5.14,370.29,0.02,18,0.19,20.57,72.0,8,10,7,9,7,0
965,9,5,0,2,3,3,1,93,134.61,19.99,53766.34,0.9,422,0.05,2987.02,2690.27,197,225,69,14,106,1
966,3,3,0,0,2,2,1,13,20.91,13.33,3717.69,0.09,58,0.08,206.54,278.83,20,38,12,16,19,0
967,1,5,0,0,4,1,1,9,31.79,4.5,643.78,0.05,35,0.22,35.77,143.06,8,27,8,9,12,0
968,2,5,0,0,3,2,1,16,35.42,9.6,3264.0,0.11,68,0.1,181.33,340.0,32,36,20,12,20,0
969,4,11,0,0,6,1,4,19,16.01,19.5,6086.45,0.1,69,0.05,338.14,312.13,30,39,10,13,25,0
970,33,71,0,40,37,11,11,217,34.07,107.9,396646.41,1.23,633,0.01,22035.91,3676.06,249,384,30,26,292,0
971,5,5,0,4,3,2,3,16,40.22,5.7,1306.71,0.08,50,0.18,72.6,229.25,19,31,15,9,27,0
972,33,8,12,15,6,4,1,46,41.25,22.37,20646.6,0.31,155,0.04,1147.03,922.9,58,97,35,27,108,1
973,1,1,0,0,1,1,1,4,15.95,2.5,99.66,0.01,12,0.4,5.54,39.86,5,7,5,5,7,0
974,5,92,0,5,52,37,13,188,93.57,99.31,922860.63,3.1,1334,0.01,51270.04,9292.36,438,896,86,39,200,1
975,16,7,0,3,4,4,1,28,46.75,16.19,12247.78,0.25,137,0.06,680.43,756.73,46,91,27,19,49,1
976,3,5,0,0,3,3,1,12,15.24,10.67,1733.5,0.05,37,0.09,96.31,162.52,16,21,9,12,17,0
977,1,1,0,0,1,1,1,5,19.67,6.65,869.81,0.04,32,0.15,48.32,130.8,19,13,10,7,8,0
978,2,3,0,0,2,2,1,12,21.06,5.85,720.66,0.04,29,0.17,40.04,123.19,13,16,10,9,14,0
979,2,5,0,0,3,1,3,8,11.62,14.0,2276.78,0.05,39,0.07,126.49,162.63,14,25,6,12,12,0
980,11,39,13,11,20,8,14,71,27.85,44.33,54735.73,0.41,237,0.02,3040.87,1234.64,84,153,18,19,108,0
981,15,13,1,4,7,7,1,47,40.38,22.67,20748.42,0.31,172,0.04,1152.69,915.37,68,104,24,16,69,1
982,2,1,0,0,1,1,1,3,14.34,4.0,229.44,0.02,16,0.25,12.75,57.36,4,12,4,8,10,0
983,0,1,0,0,1,1,1,4,17.23,1.5,38.77,0.01,10,0.67,2.15,25.85,3,7,3,3,6,1
984,5,9,0,1,5,4,1,23,34.92,16.35,9331.72,0.19,108,0.06,518.42,570.82,47,61,23,16,31,0
985,2,7,0,0,4,1,3,12,9.09,15.4,2156.0,0.05,35,0.06,119.78,140.0,14,21,5,11,17,0
986,4,3,0,0,2,1,1,10,17.56,6.75,800.12,0.04,29,0.15,44.45,118.54,12,17,8,9,18,0
987,0,3,0,0,2,1,1,6,15.36,3.5,188.21,0.02,15,0.29,10.46,53.77,5,10,5,7,8,0
988,19,39,0,25,20,16,16,103,69.87,34.76,84414.26,0.81,382,0.03,4689.68,2428.58,168,214,58,24,150,0
989,2,7,0,8,4,3,3,10,18.27,7.33,982.52,0.04,31,0.14,54.58,133.98,12,19,9,11,23,0
990,7,129,0,5,65,64,63,133,137.89,39.66,216922.91,1.82,825,0.03,12051.27,5469.22,334,491,80,19,147,0
991,1,1,0,0,1,1,1,5,17.13,4.67,373.12,0.03,21,0.21,20.73,79.95,7,14,6,8,8,0
992,14,43,0,18,22,6,14,84,64.58,29.51,56233.71,0.64,305,0.03,3124.09,1905.62,136,169,53,23,116,0
993,3,11,0,0,6,3,1,21,22.23,16.92,6361.26,0.13,80,0.06,353.4,376.04,29,51,12,14,26,0
994,16,81,0,22,41,18,22,98,52.53,35.76,67193.22,0.63,328,0.03,3732.96,1878.76,128,200,34,19,138,1
995,3,5,0,0,3,3,1,19,67.17,11.72,9233.05,0.26,149,0.09,512.95,787.52,68,81,29,10,24,0
996,8,77,0,0,39,31,39,102,44.44,66.81,198326.2,0.99,526,0.01,11018.12,2968.67,218,308,31,19,112,0
997,12,7,1,7,4,4,1,49,39.96,50.0,99907.6,0.67,366,0.02,5550.42,1998.15,175,191,28,16,71,0
998,8,19,0,0,10,4,5,67,45.69,29.33,39316.83,0.45,226,0.03,2184.27,1340.35,104,122,39,22,75,1
999,10,35,0,16,18,15,10,55,62.16,19.6,23880.48,0.41,217,0.05,1326.69,1218.39,98,119,35,14,83,1
1000,2,3,0,0,2,2,1,8,27.13,8.14,1798.93,0.07,47,0.12,99.94,220.92,19,28,14,12,12,0
1001,7,9,0,6,5,5,5,16,27.32,17.21,8086.76,0.16,94,0.06,449.26,470.0,39,55,17,15,31,0
1002,8,9,0,0,5,5,5,31,29.1,28.33,23357.27,0.27,151,0.04,1297.63,824.37,68,83,24,20,41,0
1003,2,21,0,0,11,4,1,63,56.82,22.34,28372.12,0.42,237,0.04,1576.23,1269.74,108,129,29,12,67,0
1004,9,16,0,0,10,1,1,61,34.78,41.62,60246.25,0.48,272,0.02,3347.01,1447.56,92,180,21,19,72,0
1005,1,1,0,0,1,1,1,6,28.81,6.0,1037.26,0.06,40,0.17,57.63,172.88,18,22,12,8,9,0
1006,1,5,0,0,3,3,1,11,18.12,9.6,1669.61,0.06,39,0.1,92.76,173.92,16,23,10,12,14,0
1007,7,17,0,7,9,7,5,43,50.3,18.29,16823.91,0.31,163,0.05,934.66,919.95,71,92,33,17,59,1
1008,2,1,0,0,1,1,1,7,54.22,4.59,1141.53,0.08,55,0.22,63.42,248.8,26,29,17,6,11,0
1009,5,11,1,0,8,6,3,65,28.54,58.83,98758.54,0.56,299,0.02,5486.59,1678.8,133,166,26,23,74,1
1010,4,8,0,0,5,4,3,24,38.51,11.33,4945.85,0.15,82,0.09,274.77,436.4,34,48,24,16,30,0
1011,3,13,0,0,7,1,1,27,15.66,25.5,10183.98,0.13,86,0.04,565.78,399.37,34,52,10,15,32,0
1012,7,1,0,1,1,1,1,34,80.59,8.4,5686.65,0.23,129,0.12,315.93,676.98,63,66,30,8,44,0
1013,1,7,0,0,4,3,1,10,20.32,15.58,4934.45,0.11,70,0.06,274.14,316.65,34,36,12,11,13,0
1014,3,5,0,0,3,2,1,22,27.43,27.76,21148.47,0.25,151,0.04,1174.92,761.7,59,92,17,16,27,1
1015,7,21,3,5,11,7,10,29,56.1,8.57,4121.79,0.16,98,0.12,228.99,480.88,40,58,21,9,46,0
1016,15,13,0,6,7,5,4,75,72.52,28.25,57855.62,0.68,324,0.04,3214.2,2048.3,140,184,57,23,98,1
1017,0,1,0,0,1,1,1,5,20.61,4.0,329.82,0.03,23,0.25,18.32,82.45,8,15,6,6,7,0
1018,6,6,0,0,5,5,1,30,24.86,10.83,2917.89,0.09,58,0.09,162.1,269.34,20,38,12,13,38,0
1019,1,5,0,11,3,2,3,12,17.34,9.0,1404.72,0.05,35,0.11,78.04,156.08,15,20,10,12,26,0
1020,1,7,0,1,4,4,4,6,14.16,12.0,2039.01,0.06,40,0.08,113.28,169.92,14,26,7,12,11,0
1021,9,21,0,1,11,8,6,50,50.46,23.78,28541.95,0.4,204,0.04,1585.66,1200.06,80,124,37,22,62,1
1022,1,11,0,0,6,5,5,39,75.4,8.67,5663.15,0.22,117,0.12,314.62,653.44,52,65,36,12,42,1
1023,3,5,1,0,3,2,1,27,29.16,18.86,10370.51,0.18,117,0.05,576.14,549.95,44,73,14,12,33,1
1024,3,9,2,1,5,1,3,36,25.53,24.5,15326.24,0.21,121,0.04,851.46,625.56,49,72,18,18,47,1
1025,1,7,0,0,4,2,3,7,11.58,9.0,938.23,0.03,25,0.11,52.12,104.25,9,16,6,12,10,0
1026,30,19,1,21,10,5,6,67,23.58,58.95,81940.43,0.46,263,0.02,4552.25,1390.06,112,151,19,20,126,1
1027,15,1,0,19,1,1,1,27,70.45,14.15,14113.4,0.33,196,0.07,784.08,997.14,92,104,26,8,64,0
1028,3,9,0,0,5,3,5,13,12.67,24.28,7469.56,0.1,64,0.04,414.98,307.67,23,41,9,19,18,0
1029,6,3,0,0,2,2,1,9,14.99,3.0,134.92,0.01,13,0.33,7.5,44.97,5,8,5,6,17,0
1030,2,5,4,0,3,3,1,5,14.21,8.25,966.96,0.04,30,0.12,53.72,117.21,11,19,6,9,13,1
1031,2,7,0,0,4,1,3,18,19.74,13.54,3617.33,0.09,55,0.07,200.96,267.19,22,33,13,16,22,0
1032,4,7,0,0,4,3,1,17,24.78,13.59,4579.54,0.11,68,0.07,254.42,336.89,29,39,16,15,24,0
1033,2,5,0,0,3,2,3,9,19.35,8.18,1295.38,0.05,35,0.12,71.97,158.32,15,20,11,12,13,1
1034,17,21,0,0,11,6,1,35,25.26,39.27,38954.7,0.33,195,0.03,2164.15,992.06,62,133,15,19,54,0
1035,1,5,0,0,3,2,3,15,14.06,13.0,2376.88,0.06,41,0.08,132.05,182.84,18,23,9,13,18,0
1036,2,15,1,1,8,7,8,21,31.87,13.13,5489.4,0.14,87,0.08,304.97,418.24,35,52,16,12,27,0
1037,2,1,0,0,1,1,1,6,20.38,4.58,428.1,0.03,27,0.22,23.78,93.4,11,16,6,5,10,0
1038,1,5,0,0,3,2,3,7,13.4,5.25,369.2,0.02,18,0.19,20.51,70.32,7,11,6,9,11,0
1039,2,11,0,0,6,3,1,23,21.64,19.5,8228.86,0.14,86,0.05,457.16,421.99,39,47,15,15,27,0
1040,10,7,0,8,4,3,1,44,67.03,21.15,29982.9,0.47,242,0.05,1665.72,1417.63,94,148,40,18,65,1
1041,6,1,0,7,1,1,1,10,20.2,16.8,5700.03,0.11,74,0.06,316.67,339.29,24,50,10,14,26,1
1042,0,1,0,0,1,1,1,2,10.36,4.5,209.72,0.02,13,0.22,11.65,46.6,3,10,3,9,4,0
1043,5,7,0,0,4,3,1,33,48.25,15.41,11453.84,0.25,137,0.06,636.32,743.4,52,85,27,16,40,1
1044,4,11,0,3,6,3,1,17,19.26,17.14,5657.01,0.11,72,0.06,314.28,330.12,29,43,11,13,26,0
1045,31,15,3,6,8,6,3,76,65.59,31.28,64163.15,0.68,337,0.03,3564.62,2051.46,140,197,47,21,119,0
1046,1,5,0,0,3,3,1,10,16.21,7.31,866.8,0.04,29,0.14,48.16,118.54,13,16,8,9,13,0
1047,3,5,0,0,3,2,1,17,16.9,11.67,2300.12,0.07,43,0.09,127.78,197.15,14,29,9,15,22,1
1048,9,21,0,0,11,8,6,96,57.18,42.24,102029.76,0.81,389,0.02,5668.32,2415.48,176,213,50,24,107,0
1049,1,5,0,0,3,1,1,25,33.57,24.64,20384.28,0.28,160,0.04,1132.46,827.19,69,91,21,15,26,0
1050,2,1,0,0,1,1,1,14,21.33,3.0,192.0,0.02,16,0.33,10.67,64.0,10,6,10,6,18,1
1051,2,5,0,0,3,2,1,11,15.29,6.42,629.47,0.03,24,0.16,34.97,98.1,7,17,6,11,15,0
1052,5,7,3,0,6,2,1,40,42.88,12.73,6946.35,0.18,104,0.08,385.91,545.78,35,69,22,16,50,0
1053,9,9,0,1,5,4,5,29,66.39,18.38,22415.05,0.41,211,0.05,1245.28,1219.87,98,113,40,15,39,0
1054,0,1,0,0,1,1,1,3,6.46,4.0,103.4,0.01,10,0.25,5.74,25.85,4,6,2,4,5,0
1055,0,1,0,0,1,1,1,6,42.04,2.92,357.65,0.04,30,0.34,19.87,122.62,14,16,12,5,8,0
1056,3,1,0,0,1,1,1,9,20.42,13.33,3630.98,0.09,62,0.08,201.72,272.32,20,42,9,12,14,0
1057,1,5,0,1,3,1,1,3,12.44,4.9,298.63,0.02,17,0.2,16.59,60.94,7,10,5,7,7,0
1058,5,9,0,3,5,4,4,19,32.28,12.28,4866.12,0.13,80,0.08,270.34,396.34,34,46,18,13,29,1
1059,3,3,0,3,2,2,1,13,25.95,4.67,565.2,0.04,31,0.21,31.4,121.11,14,17,9,6,21,0
1060,2,5,0,0,3,1,1,15,12.31,9.9,1206.17,0.04,32,0.1,67.01,121.84,11,21,5,9,19,0
1061,5,5,0,1,3,2,3,23,61.73,9.38,5425.31,0.19,106,0.11,301.41,578.7,50,56,32,12,31,0
1062,1,1,0,1,1,1,1,3,15.0,2.0,60.0,0.01,10,0.5,3.33,30.0,4,6,4,4,7,0
1063,4,1,0,0,1,1,1,9,27.09,11.0,3278.25,0.1,65,0.09,182.12,298.02,22,43,12,12,15,0
1064,0,1,0,0,1,1,1,0,0.0,0.0,0.0,0.0,0,0.0,0.0,0.0,0,0,0,0,24,1
1065,4,7,2,5,4,1,1,19,13.41,16.63,3706.9,0.07,50,0.06,205.94,222.97,19,31,8,14,32,0
1066,3,23,4,0,12,5,7,11,35.44,56.0,111124.88,0.66,368,0.02,6173.6,1984.37,84,284,18,24,20,0
1067,5,1,0,0,1,1,1,17,55.57,12.0,8001.68,0.22,130,0.08,444.54,666.81,46,84,23,12,27,0
1068,12,9,0,14,5,5,1,51,60.58,19.0,21869.29,0.38,205,0.05,1214.96,1151.02,95,110,35,14,79,0
1069,3,1,0,0,1,1,1,7,19.08,6.5,806.0,0.04,31,0.15,44.78,124.0,13,18,8,8,12,0
1070,11,17,0,1,9,9,1,54,72.59,18.0,23519.79,0.44,225,0.06,1306.65,1306.65,108,117,42,14,68,0
1071,8,11,0,0,6,6,1,46,66.7,12.77,10883.44,0.28,158,0.08,604.64,851.99,72,86,31,11,57,1
1072,6,5,0,0,4,1,1,26,11.82,22.0,5720.0,0.09,65,0.05,317.78,260.0,20,45,5,11,34,0
1073,10,47,1,7,24,10,16,81,41.8,40.89,69867.73,0.57,287,0.02,3881.54,1708.85,106,181,35,27,103,0
1074,1,1,0,0,1,1,1,5,24.33,1.5,54.74,0.01,13,0.67,3.04,36.5,4,9,4,3,8,0
1075,7,9,0,1,5,5,1,23,28.65,19.0,10342.81,0.18,107,0.05,574.6,544.36,38,69,17,17,33,0
1076,2,15,0,1,8,3,8,15,27.61,15.53,6658.6,0.14,85,0.06,369.92,428.77,33,52,17,16,22,0
1077,3,3,0,0,2,2,1,13,21.66,7.65,1267.37,0.06,39,0.13,70.41,165.67,17,22,10,9,18,0
1078,4,1,0,0,1,1,1,7,26.28,4.2,463.52,0.04,27,0.24,25.75,110.36,12,15,10,7,19,1
1079,17,6,8,2,4,3,1,43,26.58,44.14,51795.43,0.39,222,0.02,2877.52,1173.36,103,119,21,18,72,0
1080,0,1,0,0,1,1,1,2,17.79,2.92,151.35,0.02,15,0.34,8.41,51.89,7,8,6,5,4,0
1081,7,21,0,0,11,7,7,83,140.64,18.42,47699.98,0.86,389,0.05,2650.0,2590.04,182,207,84,17,90,1
1082,1,1,0,0,1,1,1,8,44.34,5.83,1508.77,0.09,58,0.17,83.82,258.64,25,33,15,7,11,0
1083,1,3,1,0,2,2,1,32,116.98,15.0,26321.3,0.58,332,0.07,1462.29,1754.75,165,167,33,6,36,1
1084,2,3,0,0,2,2,1,12,31.07,5.23,850.08,0.05,37,0.19,47.23,162.52,17,20,13,8,16,0
1085,1,3,0,0,2,2,1,8,16.73,4.5,338.78,0.03,21,0.22,18.82,75.28,9,12,6,6,11,0
1086,2,5,0,0,3,2,3,21,30.08,14.25,6107.61,0.14,80,0.07,339.31,428.6,33,47,22,19,23,0
1087,8,3,0,6,2,2,1,20,24.25,16.0,6207.53,0.13,87,0.06,344.86,387.97,32,55,11,11,38,0
1088,3,9,0,0,5,2,3,24,20.14,14.0,3948.37,0.09,60,0.07,219.35,282.03,28,32,13,13,30,0
1089,1,3,0,0,2,2,1,11,19.8,9.17,1663.94,0.06,42,0.11,92.44,181.52,15,27,9,11,15,0
1090,0,1,0,0,1,1,1,2,10.8,2.5,67.5,0.01,9,0.4,3.75,27.0,3,6,3,5,4,1
1091,4,49,4,15,25,14,22,69,39.76,37.89,57071.32,0.5,254,0.03,3170.63,1506.41,102,152,35,26,94,0
1092,1,3,0,2,2,2,1,4,9.4,7.88,582.82,0.02,20,0.13,32.38,74.01,7,13,4,9,9,0
1093,0,5,0,0,3,3,3,8,23.27,9.39,2051.59,0.07,49,0.11,113.98,218.51,13,36,9,13,10,0
1094,51,65,0,66,33,24,10,165,176.14,17.89,56367.41,1.05,448,0.06,3131.52,3150.97,168,280,108,23,284,1
1095,9,3,0,9,2,2,1,18,35.92,13.22,6280.56,0.16,95,0.08,348.92,475.0,34,61,18,14,38,0
1096,6,3,0,3,2,2,1,13,21.24,11.23,2676.78,0.08,52,0.09,148.71,238.42,19,33,11,13,25,0
1097,1,1,0,0,1,1,1,5,9.69,4.0,155.1,0.01,15,0.25,8.62,38.77,4,11,2,4,9,0
1098,4,5,0,0,3,1,1,38,78.46,12.88,13018.74,0.34,180,0.08,723.26,1010.65,89,91,38,11,44,0
1099,1,19,0,0,10,9,10,25,32.67,20.57,13824.4,0.22,129,0.05,768.02,672.02,54,75,21,16,28,0
1100,3,7,0,2,4,1,1,13,11.08,18.07,3617.11,0.07,48,0.06,200.95,200.16,23,25,7,11,20,0
1101,2,5,0,0,3,2,1,13,27.09,10.89,3212.22,0.1,59,0.09,178.46,295.0,28,31,18,14,17,0
1102,6,1,0,0,1,1,1,2,13.5,2.0,54.0,0.01,9,0.5,3.0,27.0,4,5,4,4,11,1
1103,3,5,0,0,3,2,1,10,26.43,6.75,1204.29,0.06,42,0.15,66.9,178.41,15,27,10,9,15,0
1104,3,15,0,1,8,6,4,20,23.43,15.65,5741.78,0.12,80,0.06,318.99,366.8,37,43,13,11,26,0
1105,1,1,0,0,1,1,1,8,31.77,6.82,1477.06,0.07,53,0.15,82.06,216.64,25,28,11,6,11,0
1106,0,1,0,0,1,1,1,2,5.33,1.5,12.0,0.0,4,0.67,0.67,8.0,1,3,1,3,4,1
1107,16,35,2,36,18,12,16,117,85.63,35.5,107919.29,1.01,466,0.03,5995.52,3039.98,213,253,69,23,171,0
1108,4,3,0,0,2,2,1,11,18.73,9.0,1517.0,0.06,39,0.11,84.28,168.56,12,27,8,12,17,1
1109,3,3,0,0,2,2,1,14,19.38,10.13,1986.51,0.07,48,0.1,110.36,196.2,18,30,8,9,19,0
1110,3,7,0,5,4,3,1,19,43.19,12.4,6645.43,0.18,100,0.08,369.19,535.76,43,57,26,15,29,1
1111,6,13,3,2,7,5,4,21,33.97,12.66,5442.89,0.14,86,0.08,302.38,430.0,37,49,19,13,34,1
1112,3,5,0,1,3,3,1,11,20.99,7.0,1028.61,0.05,34,0.14,57.15,146.95,14,20,10,10,17,0
1113,10,7,0,4,4,3,4,54,59.95,25.41,38699.58,0.51,252,0.04,2149.98,1523.19,95,157,43,23,70,1
1114,4,17,0,0,9,4,9,17,32.04,13.65,5972.17,0.15,86,0.07,331.79,437.52,39,47,20,14,23,0
1115,5,131,0,2,66,59,63,129,103.54,44.86,208407.84,1.55,721,0.02,11578.21,4645.36,282,439,66,21,138,0
1116,18,17,0,46,10,1,1,50,21.03,48.83,50129.07,0.34,181,0.02,2784.95,1026.71,63,118,20,31,117,0
1117,8,13,0,3,7,2,1,44,22.67,39.27,34959.35,0.3,175,0.03,1942.19,890.31,62,113,15,19,58,0
1118,0,7,0,1,4,3,1,6,14.27,4.67,310.84,0.02,18,0.21,17.27,66.61,8,10,6,7,9,0
1119,18,8,1,13,6,6,1,65,49.72,33.61,56176.88,0.56,270,0.03,3120.94,1671.25,102,168,44,29,99,0
1120,8,1,0,0,1,1,1,5,29.2,4.2,515.02,0.04,30,0.24,28.61,122.62,12,18,10,7,15,0
1121,5,3,0,2,2,2,1,13,37.75,10.11,3854.89,0.13,77,0.1,214.16,381.47,32,45,19,12,22,0
1122,0,5,0,2,3,1,1,9,17.03,4.0,272.46,0.02,19,0.25,15.14,68.11,8,11,6,6,13,0
1123,4,7,0,0,4,3,1,21,19.78,12.83,3257.4,0.08,54,0.08,180.97,253.82,22,32,12,14,27,0
1124,3,19,2,5,10,7,6,8,15.37,22.0,7440.59,0.11,77,0.05,413.37,338.21,33,44,9,12,20,1
1125,12,27,0,9,15,7,6,43,37.27,21.58,17352.91,0.27,144,0.05,964.05,804.23,51,93,26,22,66,0
1126,7,7,0,4,4,4,1,40,58.62,17.61,18184.77,0.34,188,0.06,1010.26,1032.47,78,110,31,14,54,0
1127,9,14,1,0,9,2,1,47,27.81,15.0,6256.29,0.14,85,0.07,347.57,417.09,30,55,15,15,59,0
1128,1,1,0,0,1,1,1,2,12.18,3.0,109.62,0.01,11,0.33,6.09,36.54,4,7,4,6,5,0
1129,27,42,7,37,23,11,15,124,97.16,49.53,238361.32,1.6,703,0.02,13242.3,4812.38,236,467,81,34,198,1
1130,2,4,1,0,3,3,1,17,24.52,13.65,4569.25,0.11,74,0.07,253.85,334.74,21,53,10,13,22,1
1131,4,3,0,2,2,2,1,10,24.0,4.5,486.0,0.04,27,0.22,27.0,108.0,9,18,8,8,18,0
1132,2,3,0,0,2,2,1,19,38.97,6.0,1403.0,0.08,51,0.17,77.94,233.83,20,31,15,9,23,1
1133,2,5,0,0,3,3,1,8,17.3,3.6,224.17,0.02,18,0.28,12.45,62.27,6,12,5,6,12,0
1134,3,1,0,3,1,1,1,8,78.82,2.12,353.45,0.06,38,0.47,19.64,166.91,18,20,17,4,16,0
1135,16,11,0,6,6,3,3,66,80.78,32.7,86388.8,0.88,410,0.03,4799.38,2641.61,182,228,64,23,88,0
1136,2,19,2,6,10,1,8,34,36.82,12.0,5302.1,0.15,94,0.08,294.56,441.84,28,66,14,12,46,1
1137,3,1,0,7,1,1,1,13,67.94,4.96,1670.39,0.11,68,0.2,92.8,336.89,34,34,24,7,26,0
1138,1,3,0,0,2,2,1,14,45.67,5.85,1563.06,0.09,55,0.17,86.84,267.19,26,29,20,9,15,0
1139,24,17,1,8,9,7,3,74,61.99,36.89,84350.56,0.76,366,0.03,4686.14,2286.74,170,196,53,23,109,1
1140,2,11,2,1,6,5,3,18,34.89,13.74,6583.65,0.16,92,0.07,365.76,479.27,29,63,19,18,25,1
1141,6,1,0,0,1,1,1,15,56.37,6.65,2494.57,0.13,75,0.15,138.59,375.0,34,41,23,9,24,0
1142,0,3,0,0,2,2,1,5,11.86,3.5,145.3,0.01,12,0.29,8.07,41.51,4,8,4,7,7,0
1143,3,7,0,0,4,3,3,14,18.62,11.82,2600.92,0.07,48,0.08,144.5,220.08,20,28,11,13,19,1
1144,9,5,0,1,3,1,1,33,25.49,22.93,13406.72,0.19,118,0.04,744.82,584.6,43,75,15,16,45,1
1145,1,3,0,0,2,1,1,3,19.58,3.5,239.86,0.02,18,0.29,13.33,68.53,7,11,7,7,6,1
1146,2,5,0,0,3,1,3,6,12.83,8.94,1025.07,0.04,27,0.11,56.95,114.69,13,14,8,11,10,0
1147,5,11,1,0,6,4,5,21,20.94,15.0,4710.61,0.1,64,0.07,261.7,314.04,20,44,12,18,29,0
1148,2,5,0,0,3,3,1,15,26.4,6.25,1031.24,0.05,37,0.16,57.29,165.0,15,22,12,10,19,0
1149,3,15,0,0,8,2,6,18,13.16,31.0,12649.91,0.14,89,0.03,702.77,408.06,31,58,8,16,23,0
1150,0,3,0,0,2,1,1,4,7.47,9.33,651.1,0.02,21,0.11,36.17,69.76,8,13,3,7,6,0
1151,5,1,0,3,1,1,1,18,67.62,6.68,3018.79,0.15,93,0.15,167.71,451.79,42,51,22,7,28,0
1152,3,29,0,9,15,5,10,67,40.84,30.88,38930.03,0.42,227,0.03,2162.78,1260.89,91,136,28,19,84,0
1153,7,29,0,0,15,7,15,53,38.62,51.56,102670.79,0.66,346,0.02,5703.93,1991.19,150,196,32,22,60,0
1154,4,3,0,0,2,2,1,11,19.77,8.67,1484.6,0.06,39,0.12,82.48,171.3,13,26,9,12,17,1
1155,2,3,0,0,2,2,1,8,23.78,7.5,1337.83,0.06,40,0.13,74.32,178.38,15,25,11,11,13,0
1156,4,7,0,3,4,2,1,25,32.43,10.95,3886.32,0.12,71,0.09,215.91,355.0,32,39,19,13,35,0
1157,43,15,0,82,8,8,1,170,203.58,28.91,170141.98,1.96,822,0.03,9452.33,5885.41,318,504,121,22,300,0
1158,8,43,5,5,22,16,11,123,58.46,47.25,130518.11,0.92,457,0.02,7251.01,2762.29,189,268,44,22,143,1
1159,6,9,3,0,5,4,4,12,33.68,9.71,3172.85,0.11,68,0.1,176.27,326.9,30,38,17,11,24,1
1160,1,3,0,0,2,1,1,13,24.78,7.5,1393.82,0.06,43,0.13,77.43,185.84,15,28,10,10,17,0
1161,1,1,0,0,1,1,1,3,13.84,3.0,124.54,0.01,12,0.33,6.92,41.51,5,7,5,6,6,1
1162,0,5,0,0,3,3,1,9,18.88,9.0,1529.25,0.06,40,0.11,84.96,169.92,20,20,10,9,11,0
1163,0,3,0,0,2,2,1,6,14.8,5.25,407.97,0.03,21,0.19,22.67,77.71,9,12,6,7,8,0
1164,12,105,0,9,53,4,51,120,86.2,23.48,47507.1,0.67,344,0.04,2639.28,2023.63,116,228,42,17,143,0
1165,0,1,0,0,1,1,1,5,10.68,4.67,232.53,0.02,15,0.21,12.92,49.83,4,11,3,7,9,0
1166,7,11,0,9,6,3,1,36,26.76,13.0,4521.86,0.12,78,0.08,251.21,347.84,26,52,11,11,54,0
1167,1,1,0,0,1,1,1,5,29.17,4.0,466.77,0.04,27,0.25,25.93,116.69,12,15,12,8,8,0
1168,4,11,0,0,6,2,5,22,15.07,17.11,4411.98,0.09,57,0.06,245.11,257.83,22,35,9,14,26,0
1169,5,3,0,4,2,2,1,18,21.81,22.2,10750.61,0.16,96,0.05,597.26,484.26,37,59,15,18,30,0
1170,3,1,0,0,1,1,1,5,40.39,3.54,506.68,0.05,35,0.28,28.15,143.06,17,18,12,5,10,1
1171,4,9,0,0,5,2,1,27,27.63,20.7,11840.9,0.19,109,0.05,657.83,572.02,46,63,20,18,33,0
1172,1,3,0,1,2,2,1,6,8.24,5.0,206.05,0.01,13,0.2,11.45,41.21,5,8,3,6,10,0
1173,3,11,3,0,6,4,3,34,52.41,15.0,11792.37,0.26,144,0.07,655.13,786.16,58,86,29,15,42,0
1174,3,1,0,0,1,1,1,18,60.27,10.8,7025.61,0.22,124,0.09,390.31,650.74,53,71,27,11,31,0
1175,4,5,0,0,3,3,1,14,19.7,8.56,1442.08,0.06,39,0.12,80.12,168.56,14,25,9,11,20,0
1176,0,1,0,0,1,1,1,5,21.76,3.5,266.51,0.03,20,0.29,14.81,76.15,7,13,7,7,7,0
1177,13,21,0,12,11,9,6,72,58.94,27.38,44176.23,0.54,266,0.04,2454.23,1613.58,112,154,45,22,101,1
1178,1,5,0,0,3,2,1,16,14.69,14.22,2972.07,0.07,45,0.07,165.11,208.97,16,29,9,16,19,0
1179,1,13,0,0,7,1,7,14,13.22,24.75,8095.49,0.11,77,0.04,449.75,327.09,36,41,8,11,15,0
1180,6,29,0,6,15,5,10,69,33.52,58.5,114710.57,0.65,355,0.02,6372.81,1960.86,117,238,23,23,84,0
1181,3,7,0,6,4,4,1,25,21.84,20.46,9145.48,0.15,94,0.05,508.08,446.96,38,56,13,14,36,1
1182,2,5,0,0,3,2,1,10,24.61,10.27,2593.51,0.08,52,0.1,144.08,252.62,22,30,15,14,14,0
1183,3,3,0,2,2,1,1,17,22.16,9.78,2118.21,0.07,53,0.1,117.68,216.64,22,31,9,8,24,0
1184,0,1,0,0,1,1,1,3,10.84,1.5,24.38,0.01,7,0.67,1.35,16.25,2,5,2,3,5,1
1185,4,5,0,2,3,2,1,19,27.08,13.71,5092.59,0.12,79,0.07,282.92,371.33,32,47,14,12,27,0
1186,2,15,0,0,8,4,1,56,59.16,22.19,29136.9,0.44,218,0.05,1618.72,1312.88,93,125,44,21,61,0
1187,12,1,2,0,1,1,1,62,188.12,8.87,14789.29,0.56,274,0.11,821.63,1667.96,133,141,60,8,78,0
1188,2,1,1,5,1,1,1,1,6.2,2.5,38.77,0.01,6,0.4,2.15,15.51,1,5,1,5,12,0
1189,4,1,0,0,1,1,1,12,23.64,13.75,4469.18,0.11,74,0.07,248.29,325.03,25,49,10,11,18,0
1190,3,9,0,0,5,4,1,19,26.24,10.0,2623.67,0.09,58,0.1,145.76,262.37,26,32,13,10,24,0
1191,5,57,5,0,29,11,29,49,30.41,49.48,74453.39,0.5,268,0.02,4136.3,1504.74,95,173,24,25,62,0
1192,13,91,0,12,46,23,30,132,97.65,25.67,64327.33,0.84,388,0.04,3573.74,2506.26,154,234,66,22,159,1
1193,9,11,0,5,6,2,5,41,30.24,28.7,24899.58,0.29,158,0.03,1383.31,867.71,60,98,23,22,57,1
1194,4,7,0,1,4,4,1,24,22.76,14.0,4460.08,0.11,67,0.07,247.78,318.58,26,41,13,14,31,0
1195,1,7,0,4,4,1,1,9,11.32,11.79,1572.66,0.04,32,0.08,87.37,133.44,15,17,7,11,17,0
1196,27,17,1,16,9,5,7,44,33.75,30.95,32336.65,0.35,195,0.03,1796.48,1044.72,65,130,21,20,93,0
1197,5,9,0,0,5,4,1,22,37.82,7.5,2127.25,0.09,59,0.13,118.18,283.63,27,32,18,10,29,0
1198,4,3,0,1,2,2,1,20,27.22,11.78,3777.38,0.11,66,0.08,209.85,320.63,29,37,16,13,25,0
1199,24,21,3,14,11,9,1,92,124.77,18.58,43059.58,0.77,352,0.05,2392.2,2317.91,161,191,78,18,135,1
1200,4,13,0,0,7,3,6,21,11.16,32.22,11583.59,0.12,74,0.03,643.53,359.49,29,45,9,20,27,0
